-- phpMyAdmin SQL Dump
-- version 4.9.5deb2
-- https://www.phpmyadmin.net/
--
-- Хост: localhost
-- Время создания: Мар 24 2023 г., 19:36
-- Версия сервера: 8.0.30-0ubuntu0.20.04.2
-- Версия PHP: 7.4.3

SET SQL_MODE = "NO_AUTO_VALUE_ON_ZERO";
SET AUTOCOMMIT = 0;
START TRANSACTION;
SET time_zone = "+00:00";


/*!40101 SET @OLD_CHARACTER_SET_CLIENT=@@CHARACTER_SET_CLIENT */;
/*!40101 SET @OLD_CHARACTER_SET_RESULTS=@@CHARACTER_SET_RESULTS */;
/*!40101 SET @OLD_COLLATION_CONNECTION=@@COLLATION_CONNECTION */;
/*!40101 SET NAMES utf8mb4 */;

--
-- База данных: `bot`
--

-- --------------------------------------------------------

--
-- Структура таблицы `Ads`
--

CREATE TABLE `Ads` (
  `id` bigint NOT NULL,
  `userId` bigint NOT NULL,
  `adLink` text CHARACTER SET utf8mb4 COLLATE utf8mb4_unicode_ci,
  `title` text CHARACTER SET utf8mb4 COLLATE utf8mb4_unicode_ci,
  `address` text CHARACTER SET utf8mb4 COLLATE utf8mb4_unicode_ci,
  `name` text CHARACTER SET utf8mb4 COLLATE utf8mb4_unicode_ci,
  `photo` text CHARACTER SET utf8mb4 COLLATE utf8mb4_unicode_ci,
  `price` text CHARACTER SET utf8mb4 COLLATE utf8mb4_unicode_ci,
  `phone` text CHARACTER SET utf8mb4 COLLATE utf8mb4_unicode_ci,
  `serviceCode` varchar(255) CHARACTER SET utf8mb4 COLLATE utf8mb4_unicode_ci NOT NULL,
  `version` tinyint NOT NULL DEFAULT '2',
  `balanceChecker` tinyint(1) NOT NULL DEFAULT '1',
  `writeId` bigint DEFAULT NULL,
  `createdAt` datetime NOT NULL DEFAULT CURRENT_TIMESTAMP,
  `updatedAt` datetime NOT NULL DEFAULT CURRENT_TIMESTAMP ON UPDATE CURRENT_TIMESTAMP
) ENGINE=InnoDB DEFAULT CHARSET=utf8mb4 COLLATE=utf8mb4_unicode_ci;

--
-- Дамп данных таблицы `Ads`
--

INSERT INTO `Ads` (`id`, `userId`, `adLink`, `title`, `address`, `name`, `photo`, `price`, `phone`, `serviceCode`, `version`, `balanceChecker`, `writeId`, `createdAt`) VALUES
(168973482, 5324285788, NULL, 'Marco Polo Daunenjacke Gr.44', '20146 Hamburg\nHallerstraße 1D', 'Dominik Schurr', 'data:image/jpeg;base64,/9j/4AAQSkZJRgABAQEAYABgAAD/2wBDAA4KCw0LCQ4NDA0QDw4RFiQXFhQUFiwgIRokNC43NjMuMjI6QVNGOj1OPjIySGJJTlZYXV5dOEVmbWVabFNbXVn/2wBDAQ8QEBYTFioXFypZOzI7WVlZWVlZWVlZWVlZWVlZWVlZWVlZWVlZWVlZWVlZWVlZWVlZWVlZWVlZWVlZWVlZWVn/wAARCABaAEMDASIAAhEBAxEB/8QAGwAAAgMBAQEAAAAAAAAAAAAAAwYABAUCAQf/xAA1EAACAQMCAwYFAgUFAAAAAAABAgMABBESIQUxQQYiUWFxgRMykbHBQvAUJDNi4VJyodHx/8QAGQEAAwEBAQAAAAAAAAAAAAAAAQIDAAQF/8QAHhEAAwEAAwEBAQEAAAAAAAAAAAERAhIhMQMiQXH/2gAMAwEAAhEDEQA/AG3GG8sUOZNRUg4YcjRT8w9K5fYivNOwEsmrKsMOOY/NUrvidpbFhJKC6/pXc/4rL7UX06AQWvccjJkHP0pc4Vb2i3Mk/E5viKoGmPmXb08P8U/BLPJg5dxDXY9oLGdEUyGNtI+cbGtmIjTkHIJzkUicZi4VNbrc2aLbyjZ4iNOc+GNs1q9kXnFu6yTmSMBdKkcs5rPKeeS6/wBNe4NiYLE+1E/UPDBqvEwJPrRlPePpUhjupUqVjHDfMKzOM8Tj4dCue9JIcItaMr6FzXz7tBerdXMqsxLHZPIdCKvjFYj1DziBa/71w51DOnScaazJIriGEMHMqb5PlQ7drmUZ5qvPcVoo0iWmCmSB08K6EoS9MmK5eMEIANWxz1rW4Rc3NtL8VFEeRgg9R4VVilxHkgZO+aMtzhQSeRH3otVATg98LvFvIfiAYYHDL4VpLuSfakjhnERbX0WWwHwrDoR4+1OkbHfPU1x7xGXToXUo2JH1qUJ/mOw+tSlgSjxqb4Vk+DgkYGPOvnfGe7NG2d1z+KdO0zPiJExgkk58v/aSeNMyzJrA1c8c67ML80hp9gre7URMoGASTWqlxG9vpXGQp+1YcQU9FXbPKtlraGO216Qpx0NPAFa2kEMAB3yMH6UQxRTxDOY3I5r19qDLArIGEhHtmhxvIIthrCDcjmBQUMy7wrSyiaRstkrv0FPfBp/4jhsTZyyjST44r5xwtA4cSM2jVsop37Lzho54AMBCGA9ef2pPrm9jYZvDzFSvdOalQhWi9x8sYI5mUKA2++cZpD4sRJeHveYNfROJ6Twp2YbAjn6183u9U10XC93OB5eVdWH+SGvThFyyqCM7YNaciXIhxKMr4g8qzhhJkOGXByc1o3d2ZrUIDjPPFOvBWBlZ9KqqNpHXFSF9cYJYa02GfWizSAKRzJNVojz2BB8RQQWe2cj/AB5ERcnNOPZJWF1cayMlB96UYIHiiWfHcdiAccv3vTb2PGq4uD/aB/zQ32jZ9Gb4+50oSAcZqUS2UCBSRu2W+pz+alQhWlKzjW4tGEihkYYIPXalHjltDw6WKGGMBME776sk05cPOFeP/Ttj3rqSBTq1ANvnBGcfvFW+XhP6enzeBrdtQkXDZ5+NDumjYIqoA2RuNutP83C7S4yHt4zn+3Bpa4p2XnRxJZn4qA50fqH/AHVeP9J8v4YDqrIzam18+ddtGfhIRKT3dhitiPsvcyxITLGsozqQ7hfcUWPstcRlVeeMA7ZAJpYxqixFZAdjnwuW0iTf/dn7V52SlIupiq91YiTjlTTa2iW9rFB8yqoXcc9qHw/hFtw8TrBqxKwJDdB4felaDS+g0Iq+AAqUTTUpeI1MWCYpM58Tmrscutj96yQe/wDT81et/l96n8tPwfeUXdK7nOBzNDH8xsgKx8iepoc5/pDoTuPGrcXye5+9dSdOeQ4WJVtwqqBlcCihQCNudRf6ae1EFNAA9PeFejdvT9/mp+seldLzNCGp7ipXVShBj//Z', '310 EUR', NULL, 'ebay_de', 2, 1, NULL, '2022-10-07 12:42:43'),
(171291088, 5324285788, NULL, 'Peuterey Mantel grün glänzend Gr. 46 = L / XL Wintermantel', '22967 Tremsbüttel\nLasbeker Str. 22', 'Dominik Schurr', 'data:image/jpeg;base64,/9j/4AAQSkZJRgABAQEAYABgAAD/2wBDAA4KCw0LCQ4NDA0QDw4RFiQXFhQUFiwgIRokNC43NjMuMjI6QVNGOj1OPjIySGJJTlZYXV5dOEVmbWVabFNbXVn/2wBDAQ8QEBYTFioXFypZOzI7WVlZWVlZWVlZWVlZWVlZWVlZWVlZWVlZWVlZWVlZWVlZWVlZWVlZWVlZWVlZWVlZWVn/wAARCABaAEoDASIAAhEBAxEB/8QAGQABAQEBAQEAAAAAAAAAAAAABAMCAAEF/8QAMxAAAgIBAwIEAwUJAQAAAAAAAQIDEQASITEEQRMiUWEygaEjM3FywQUUQlKRsdHh8PH/xAAZAQADAQEBAAAAAAAAAAAAAAABAwQCAAX/xAAdEQADAQADAQEBAAAAAAAAAAAAAQIRAxIhMUFh/9oADAMBAAIRAxEAPwD53g1RGWhibxQGySgng8YzpEJkGoWuS4XpsSkFVe/sTlo+mja7UYlEBW6HtmZWWNGcmgOTgQW1+h9Ci1CigT2zwwpvsv8ATDjq3Z7ES121NWTfrBZ2jsmvQD55vGKfIkc8QV2utNYc1fObj6h6bxlAS9JdTeWm6cAAhgQwsEcHF3LH8XJL8QJl1A7/AFyPhE74x4qzATbjFFCzdExdKtDzUfwxkXSmPza7Wj2yWnLRSGwh4ONVeiKjzwvGRuA/0wcrNO+kCkBNf5xJjKpYq+2GdvCKq5ZSRsatT88bCJuZr4mQ6zpTKulNiPfMp+yyELBfJsptt8SHIAYixXI3yrNp8yrZ72dhm0TsBNEYunMRNjvQynRSAw+A+406lrteezyRqWLzXQJoe3OThiSYCeAOkdbEitXywNeG5eNFnQX9MiRRoDb8MuTtmGJLE13yeS+/4KCWNt80iqr22wH1wUUjSELlXko6SPKOCM2p9E3yNLC83VaW9vbOhUzzLK5FKPKvue+FTztQ/wDc+gkRSPZtJO5Nb4zfcEdG57MzJ04JYhGRibtNr/TCnoVknXxmeqsgGtR/H/GMYPW0zj5A/phzMf3gxG9l1BjVHNCzpegiePQYFCduPLiI1qIRgCgKvDk6QW+0djtVjjLRFtILA0BfI/765xyAsBfxURk/Gf8AnU5cpsT2OR8I9v75J2PU6ees5XWOMgr5mPOYsySBR3xZEcke60R7/wCs86WBFYMFe+AL/wBY6aWYS1xt1rK9JEFAN7nPoOq+HXO+CieMBQAwPucsXLKaYDet98MIPK118OZfEYnw1cDamzxkUoAEUC+BtnoUIN3o+m+ZdgV2bzXxjCQ4a72TSvBIGFldfEEaE3W9nMapYZGAdnQm6N7Z0SUS7nUzG64AwP0MvGmUY6BRHGEL7nnOkMrbaiSPbIfbf8MmaPSVMuk9rVc4uCTVIoJ70M+ajDUOLxUIYyAgEb84J3TVY0xGsB/MfN3zzxGJNnZjt7+2G0uXIAOZRzNEVVha7MvBBHB9QeMpkg5dxD45ZNgHWu99s3JIVQ0yk9rOfNPVNCNTxs/qFFZSTrYlAMq6N+G5zQgQxMg+NWHqDxkAylA5NBtx+UcH9fnmWEHXRhoW0g7WBRr0OKjjCAltLN61x6DOOAyOVc6TscnqPvm5/NIxG+/rmfGf0P8AUZO5WnoTT6rwOOqkUaQxI9ziIJC7IWc7MNrwK85WL7xPzDNpmGkkfUjYKA2rf1ybRI0/iFF1n+ICifnmlA0jPG5xGtFfVV9D9XDpK6Nxvd7/AN8I/RRSkM5axx5ic+i/wD8TkTjU2TXEp5gMdKelbX08jITyFNZeSSWirPJV7b5o/Bm5PjOdVPARE78IREkgXidA9cOn3o/Nlzziinfw/9k=', '400 EUR', NULL, 'ebay_de', 2, 1, NULL, '2022-10-06 13:52:17'),
(172118877, 5563360146, NULL, 'Lego Ideas Baumhaus 21318', 'Blumenstraße 35,\n49716 Meppen', 'Aneli Horn', 'data:image/jpeg;base64,/9j/4AAQSkZJRgABAQEAYABgAAD/2wBDAA4KCw0LCQ4NDA0QDw4RFiQXFhQUFiwgIRokNC43NjMuMjI6QVNGOj1OPjIySGJJTlZYXV5dOEVmbWVabFNbXVn/2wBDAQ8QEBYTFioXFypZOzI7WVlZWVlZWVlZWVlZWVlZWVlZWVlZWVlZWVlZWVlZWVlZWVlZWVlZWVlZWVlZWVlZWVn/wAARCABDAFoDASIAAhEBAxEB/8QAGgAAAgMBAQAAAAAAAAAAAAAAAwQAAgUGAf/EADUQAAEDAwIEAwUHBQEAAAAAAAECAxEABCESMQUiQVEUYZETcYGh0QZCUnKSwfAyQ1NiguH/xAAZAQADAQEBAAAAAAAAAAAAAAABAgMABAX/xAAiEQACAgIDAAEFAAAAAAAAAAAAAQIDESESMUFxIlGBsfD/2gAMAwEAAhEDEQA/AMPxL2D7Zz9Rr0XD5wl1wmNgo0pqk7+lO8MWpDjjyEJXoRPMfOoSbSyi8EnJJ9BEIvXNRS64dCdRhRoaPGLW22lx0qciDqOJ706q/d8UD7MNqjTlJEVpoeW21kBRJ1FQSe/v8qWvnMnfKNb11/fBki0vSdIuCT051V54W8E6rpWP9jR3X5WIQpRO0JiD0O+aAtpQ1uFzKcgFBz5ZrslKqOks/k44yue28FUsPqwm9JI7KJ/ep4W4GDeLntJ+tGS4tTgDjjbTY6pIorYQFgAKUmcKIoKyt7UdfI0lfH39CqbW4mDdu/P61W9ZubVSQXniNgrVg/OtJJKwDpxHn9KS4rhlABzqqtlUJQ5w1gnTfJz4y2Jl907vuCduc1PEP/5Xf1GhjaavA7iuQ9AzdeKNZvLbJUDykwZE0qdqasloRBUvSdUARM7dKSXQoV5zS2AMqKp3zXTWQcvbNCEvMqcSOeTkTttg1zTlyfEKSObmgQOlbPBUFFwFsqCitJloYOPlRrbWhJJPsauOHNW0Lfv0sRnSADPwO9ZVzZoW0p60vkPtCAEzCpPSP5tTPF7dl19xxABUpGrUSowY98Csw2CQpotY1CSVnf8An1ppTj0VrqccMPwuwbuSoOOKCgJKU4mmre2LV6UILieZUTEmJxG21VsluWzaihSDJ0kaSfXtTdu0+4vlZK9ydOd5FTU5p6OmVdbj9Qw8oMga+pisvi2lRSUhxM4IVW/dpUzYD2rPOhWFrVuPdXP3suMFcRCxGehn/wAq9t054Xh5tVEK3ldiAMGOgzNFic6aoNht2omnuDPvpDpMjyqzStCkmAc7HNVO9MWiSt1CBEFWcbUBew0azyNokb9zWvwi4RYhKy3qXkHJnb0oZLLLDakNpLjgkBSPhvRVBDikJAS3qBJg4kGtiK9NxljOA9vYt8VUpVuTbnJXqVrJnyrP4nwy64UUKW97RlatIKAEwe3yord65YqWG1ELI0kgTSXEeJv3TYS66tWkyEkbGDQwmikJyTSY3w23S4tI0KLjq4QsEYj31vo4e9w8svuPayDChEgHoRNc9YXCmGWnckpOoZ22rfteIC90pXBAP3TMetKsel7HiSSDXOt65S8OYRgHIrL4w2pNsokkokQBXTt2+tKQFHHxrM+0jGnhyyCDBGIyMinazg5WtnIJMkY7UQkSfrVUojPSatAH4aITGnIinLHUMpSo53ArPCqO1dvMo0tr0pO+BStZWgReHk21KlDTawkhJEKMyB2x+9EceC3UTCEpTASJMZrBN/dH+5j8oqJvrkK1e1M/lH0pVBvTGlY2tI3nCWUglQKVDmCQCU/HvWbcPMrDYLZCgslRHUHoaWN1cOHncn/kfSrpClEEmT7hTcVnQkZTX2H7W7bbGhKClclchQUnT2j+bU/wpSDLinEEqVKQE5j3TisdLSVDmTPltTKCpsjQdJnpS8Cjun3hZO94e9+KR5GhfaHQ5wd8iOWJ9RXJo4leNK1JfJJ6kAzVnuKXlyypl1wKbXuAkCn2KutiRAABk/CrACOvpVSBpGa9x+L50QnPfeFe9alSsTJ90VBvUqVgjDVONf0VKlYKDt8pMd4+VEVg+lSpWCV3Jr3pUqVgnqTvXmo+XpUqUDH/2Q==', '217 EUR', NULL, 'ebay_de', 2, 1, NULL, '2022-10-11 15:48:05'),
(173126887, 5589450531, NULL, 'Tacx Flux 2 Smart Turbo Trainer', 'Pushkin schtrasse', 'Ronin Devstennik', NULL, '1488 EUR', NULL, 'ebay_de', 2, 0, NULL, '2022-10-12 16:10:35'),
(174819222, 5681729263, NULL, 'Spielautomat 7A PLUS - defekt', 'Ronnenberg', 'Noel', 'data:image/jpeg;base64,/9j/4AAQSkZJRgABAQEAYABgAAD/2wBDAA4KCw0LCQ4NDA0QDw4RFiQXFhQUFiwgIRokNC43NjMuMjI6QVNGOj1OPjIySGJJTlZYXV5dOEVmbWVabFNbXVn/2wBDAQ8QEBYTFioXFypZOzI7WVlZWVlZWVlZWVlZWVlZWVlZWVlZWVlZWVlZWVlZWVlZWVlZWVlZWVlZWVlZWVlZWVn/wAARCABaAEMDASIAAhEBAxEB/8QAGwAAAgMBAQEAAAAAAAAAAAAABAUAAgYDAQf/xAA3EAACAQMCBAIHBwMFAAAAAAABAgMABBESIQUxQVFhcQYTIoGhwdEUFTJSkbGyIyTwM0JicuH/xAAZAQADAQEBAAAAAAAAAAAAAAABAgMEAAX/xAAkEQACAgIBAwUBAQAAAAAAAAABAgARAyESIjFBEzJRcYGR8P/aAAwDAQACEQMRAD8A3bXsh/BEB4saEmVp31SuM4xsKzXFfSG9snISCEqFBJJJIzny7Uin9K+JSHZlQdlGKwlMuQdRmkFF7TfGJB0J865tpGw0g18+Ti/GJ2LQvM/Q4BbFdPXcfkHKX3gCk9JV9zCN6h8CbeR1UElht0zvQb3Rz7EDHxZgKyf2fj0p31jxL4+dASC9EjrLMwaP8QJ5VREQ+0gxS7HxNwZrknYwRDxBY/uKoXaS7tlkuFkOs+yABjY9t6xN9BPayshlDsI1kPkyqR/L4VpPQkAycRZjrKBFUkb7k/SrhOMkWuabHY1KvUoQzKcdQSCYiQOTCMbYxhx9azb2lwp3hfz0nB+FaLiSwCSX1bElhMjqx3XGPoazMsjM4IOxHuqijUUmEW895aArFIYgdyCKs3Gb/JH2knBxkLRtnwwPFG80rDJB0KMgjzr2Wzgtbto5LZH3z+Ik4rIWxFyCATNAxllHGB23EL+cn+6lHka8S2edWd3ZnY7k9adcFtrWWOcNAqsCMYznBoSe2jtWClzoY46k5PLoKKZU5FVFfkJx8NON/cV3kU0qtO+t20gBiByAAHTsK0XoKxW2unIyWkUN4c/rSCWX+2aNNSKMAnP4sd60foWFHD7gqdjOMHuPZ+tar1Mx76E1LKcnapXjzRqxVnII6VKlqPRmX484PEZE2DK+kgDoyN8aRz2yLwpZFjAkVVbX3GQO3j3rRekUcZkM6v7bmMlffilTxNNwHI6IdtXZh0plNiAw+8YW1vBIiAu+3voJ1EoSWRnEkhI9ls7jc/v8Kte3cL8LtklUlwF8sgb8vGqW93Abb1IhMgU5Olu+3UV5+IMMd1uz/Jtc0+z4/wB4l4Z1tBGYyWLMSxY742pnc3Bk4XPJ+Vc/AH50gu54XdQqrEYsjS0gPOmDyxy8AmjgYs7LuD05bZ5cq7LjsKeO7EVGstR1UUSwxyW4ZY0JYjnjJp96HaU4WT3kH8gPlQEkWjg0RLKpEevpucnbvmu/o4dHCCQNRX2sDruTXoG1BuZKBIqauWzinkMhnZSegxipSeXiiRyFAcgY3AqVGz8S91q5bjswm4fMCiBlUN7K8sHPP3UghDfd8jJOEK6jowcnBBHX/MeVNeMSQrFPrmCl0ISMjckjtSm0/qcOucMwOl8Adds/OjiHTucSC2oMtyzSIskSlRkuAScnuRXfVa3N0QWDuoGPWLpD+e+1K5JAhOMnHM6+X6004daiW0hMyDRJKwZyM4XAx365pWQAa+oUyEmj9ykT2sUsia165LDOR2Axz8dqrFeIiOERiwBC77Yz171W7hSO2gkESAsWBIjwDjl+xpZJKjKQoUEdudMqBtwPlZen8ja6a6+79TPlfU8sLshO3jzoj0WnCxTIzflwP1+tC3JK8MUaiQYl2P8A1H1pbYzNCda52bp1FUcWpEVduLj43XqmZGjBwxwfDO3wxUrpbtbNbxGaLLlBk+7apUDXxNAx2L5CZppneQu7FmJySTkmmXDZLkW12YVDRqiswLEcx0xSSNy0h1e6j4opXjRkXbTgnHOtJGqEw35kLKwaFoR6wg4JAyDt9D+tPeBvnhZjOFZZGTEYGWOx37/+Ck7fasjOGx0beu1tfXFrIrmAOyfgOcadse/akyqxWl7ymNlU2e8M48xjis45GJJJIOewxyHn8POs/KwyRrGfMg0fxPiRvmgZozE0Wcdc5oZZLJhmeB2kOdTB8Z91DEGCjn3nZWUklYVPOrcPAEqNhVXSr5I2xy2P70DAziMYAIJOAatcTRyW0UUcCoYyfb6sPGr+rC8PgkyfaL7eWPrVB23E5G4R66ZgCkbacDkfCpVFmKqB4d6lJUblOfB7Np+JxrhDnONXLPjWo4nbTWOlJbaO4jxjUECH3Y3xWftBh2x+R/4mnHA5pZFeJ5HeNRsrMSB7q5je4APEEP2V90uLi1b8rrrX9edUNtekZhkt7kf8SM/oaKuANTbDnQrAbbUROgk5kj2uLPHjuPnQjPbnPsOv+eVaPhrM8ml2LL2JyKE43DHHJ7EaL5KBXBt1AV1cSsyeq0rgkHnnfFGXQC8KssddfyoMgZG1N7lVPDrbIB/1engacxRFBznn0qUVcgGbl/tX9hUoBtTjP//Z', '250 EUR', NULL, 'ebay_de', 2, 1, NULL, '2022-10-12 16:52:46'),
(174821336, 5324285788, NULL, 'Hochzeitskleid', '19288 Ludwigslust\nBGM. - Brandenburg-Straße 13', 'Diana Brinkmann', 'data:image/jpeg;base64,/9j/4AAQSkZJRgABAQEAYABgAAD/2wBDAA4KCw0LCQ4NDA0QDw4RFiQXFhQUFiwgIRokNC43NjMuMjI6QVNGOj1OPjIySGJJTlZYXV5dOEVmbWVabFNbXVn/2wBDAQ8QEBYTFioXFypZOzI7WVlZWVlZWVlZWVlZWVlZWVlZWVlZWVlZWVlZWVlZWVlZWVlZWVlZWVlZWVlZWVlZWVn/wAARCABaAFMDASIAAhEBAxEB/8QAGwAAAQUBAQAAAAAAAAAAAAAABgABAgMEBQf/xAAyEAABBAECBAUDAgYDAAAAAAABAAIDEQQSIQUTMVEGIkFxkTJSYRRCFTNTocHwcoHh/8QAFwEAAwEAAAAAAAAAAAAAAAAAAAECA//EABsRAQEBAAMBAQAAAAAAAAAAAAABESExQQIS/9oADAMBAAIRAxEAPwAvOyg+QRsLj6Kx3QrFnO04/uQhUm05mdINuvZY5caQ35TRVuFIOY/1NBa3PHrslmxdv5vCiN7oYm6mAewpWPzIY4TJI8MaO6aZzTA++yEOM5TjlxQg/UNkdXCzZrt4rIszOdkchsUJNtd/U/JCpzM57sl2mTyMPk09AubkcSD8puPB/LiGmx3pUukJFKvS12o+NZTf3h3/ACCI8afn40coFahZQNG7y32Rjw0FvDIQfstIq2g7BJMkkFNrPlRiVjQ40LVp6qLwHt0m1WFLjFFA6DKOhpdE9v1WNitLgSVTLDI0jlusfkqtzcgfu290K7Sy21jSAGiWmggrjjMiPNx5Gxkkttlb9Cu9xIzuO0haGjz6jQrvaHONtyOVC5pnlja0kyFpof8AfZT3WnXyrwI5I3gyFo1He3b7910SNJ3O6GYpHhxJcenqeq0Ny3tPlNJsuxLhQuyclkTBu40a7d0dBoZGGt2AFAIX8G1NHNMQNQAb7IoPRAPaSakkg5x4ji3RlDTYFH8rSCCAbFHcflBMz2Vq1C9h0Xb4OZ5y1z5TyoRTW9yf8In1vAsdnqbUXdFIWov3HTZUQP4pO/OysiJ0vKYwUyMHZxHXdYMjiInwBBE+QRtpmhxPyfjot/iDhrYZopcaJ/md5ww0AO/4XIycY8t0zImxgi+W1xNjranOW36n5jFmxBr45BAYWSNsC7BrbZUNI1LpcZaWtxmC9DGu03e5vevwua03VDdERex34G1fpckkUC8D+yK3enuhbwQ4nh0/4k/wES67IT8T6stJQ1pJAB4kf8RkZFFEdeokkmgEX4uOMbHjiAAIG/v6rLwnCZjxNnDWtc9vQX0K3kglOQtSATOSaaTFUGHNYHRua4AtcKOyDp8Fv61mIHP5bGnSXGxXdHM7dTCgTiHMh4uW40r3Si9Ruv8AQpqpeGLNbcw1a6b5Rf8AvdYD5JKBNLtZT83LwGkxulET6Ja23dO46jZcF79TrpEg+qNPC3EGYnCZKc3mmY0D2oLv8P4ic7JcKDdDbIHe0A8PaP04dzgwl10Wkos8MRhssztbX+Vo2tRbdGcCO0kxG6SpKmOMQwsjZelooWbTeqk47pqtWSQdadQpSTCLgSENcZ4K7JyuZGGtDgNRv1RPag8AjdKzTlcfhGJymZDL1xE0AQvPs2IY+ZPC2y2ORzRfYFenQOkbOYhEBGB9QPqvO/EERh43lNIq36h7FBU2HkCKANLdV7+yMfCEnNiyJKrzAIOw55I4wGuIFfaCCjfwlZwJZDpGqQkaRXoFn6vx3id0lAncpKkmMb7/AG/KXLk7N+f/ABXjokmSjTL9o+U9SfYPlXJI5Cnz/YfkKBD/AOmfkLQUyOTZg1wP0O/shvxB4em4lkHIgGmSgKcdii0pkch5/H4Y4iyFrXNFg707ZFXAMSXB4a2KYU/USQuoVEqcO0xSSSTJ/9k=', '460 EUR', NULL, 'ebay_de', 2, 1, NULL, '2022-10-04 16:04:03'),
(180127375, 5524944062, 'https://es.wallapop.com/item/frasco-de-farmacia-de-principios-del-siglo-xx-655799304', 'Frasco de farmacia de principios del siglo XXFrasco de farmacia de principios del siglo XX', 'Edmond, 53841 Gil Escalinata', 'José Ponte', 'https://cdn.wallapop.com/images/10420/au/g1/__/c10420p655799304/i2069012244.jpg?pictureSize=W320', '15 EUR', NULL, 'wallapop_es', 2, 1, NULL, '2023-01-23 14:42:56'),
(182170983, 5589450531, NULL, 'Wahoo Kickr Smart', 'Weiherstück 1a, 36145 Hofbieber', 'Marco Olson', 'data:image/jpeg;base64,/9j/4AAQSkZJRgABAQEAeAB4AAD/2wBDAA4KCw0LCQ4NDA0QDw4RFiQXFhQUFiwgIRokNC43NjMuMjI6QVNGOj1OPjIySGJJTlZYXV5dOEVmbWVabFNbXVn/2wBDAQ8QEBYTFioXFypZOzI7WVlZWVlZWVlZWVlZWVlZWVlZWVlZWVlZWVlZWVlZWVlZWVlZWVlZWVlZWVlZWVlZWVn/wAARCABaAEgDASIAAhEBAxEB/8QAGwAAAgMBAQEAAAAAAAAAAAAABAUAAgMGAQf/xAAuEAACAQMDAgQGAgMBAAAAAAABAgMABBEFEiExURNBYXEiMoGRscEGFFKh8fD/xAAYAQADAQEAAAAAAAAAAAAAAAABAgMABP/EACMRAAICAgIBBAMAAAAAAAAAAAABAhEDEiExBBMiUYEUQVL/2gAMAwEAAhEDEQA/ABmsoGLKNoYD7Utk0+4B+T7V6bl49zJukXdgkg/COxNMbfUogqIySZxxgZzQi0+xWLrK2niulYoB6s2BT+N1MQMiFW7D4vxmvLe8trkoqEkuCVypGcdavN/TiUNK0Y3dB1J9hVVGxdj1ANxx0+1WjQlqpbz2zRhgyx8Zw52mtFu7RBua4i+jA/ijobYY2sfxCmSIOp8qU2+qWIZR44yTjlSB+KdEhbRnH+PBrao2wkm+J2buc1KkxCIzHooJqUj4HEmj6da3FsVlndyx3RlDjj7UfJoFm8gfxLgMBt4cD9Up0a6ikurhA5XC+Iu3kDB5/IroZXiaAicrscc/FgEe9SS9u1Duk6A10GyjI2vcA7SOJBz3PSlGtRWOkeCI5LlZHzj5WAUenGOtOoTp8UwEPh+IQcEPk+tA6toq6pdrPJcPGFQIFUDuT+6Kk0CkJbC2tdSju3S4kT+rEGAlQHdzgDg98VrDbADgVvJplto8TOs0reKQjBiACOvkPShzdlVP9dTJ3A5x9qrF32K1RS9lEZVF5IPNfRtph0W2RvmKKD9q+YafFPd6lF46OqPKFyykADNfUdRkVhEqnIANMvknLtIRaozLalV6uQvXFShtXuYo5443kVSF3YJ7/wDDUqUqsrG6LafaLDeowhAHI49q3urWG5wJFztzjPBGeCKkbzJKj7BhWB5Nb6xcpDJHJEhYSrnrwP8A2a5fFneJp/pls8ayJiy4NrpqiZoWkfBxtTc2B15oD+M3MtzHctIWKhxgscnPOf1S/wDkE73gQYAIYLkHgdeKwtrlUiEERk2jqB5n6VexKHf8gXxoI41jMrBslVUsRx2FIhDNa2zyIr27K3YqwzgCnOhSMpmOxgTgYI56mjr8Ry2rtcx7o0G454xjmubJ5DjLSisMVrY4yZpjMMzyMR1Jc5zXZ6PdRwaTbLNcru25+N+Rkk1y+l28N3fwbmLDJkkjCnAVckjP0xTrTYkn0yGR0TJB6jsSKtOTxpMSKWRtCLXZ5bvV55I2zHkKuORgCpTqSxiyfhH2qVL8iynonVNYkrlVBPqTSrUVkjt40l5CtgH07U6a4XHzE0PK8Tc4yfeufHLS6HlHbs5htIN1IXWJhu65wo9+eaOt9DZV2tIka9oxn/Zpt4oC4ULWT36xNtc4OM/CpOB3oPNKXCCoJCm4e305ntbCM3F4eWHkvqx/VI9Q0TUTG1zLIZc8lCOV/wBkV09hoslqHWGQPK7FyxBGAfI8GsHuJHkNpKGclCpPQk9CMf8AKqt4cxQntlw2c/pMAe3uEjk2NMgiyRyOQT6HOKbRz3VokMLQI0QIjBjzkDuetJILa80u/Ia3kkj4JAXJIPQ+9dgsBA5+1Pnn9oGKP0wZynm5+1SiTbJ1IyalcZ0BDQPkAZfJwcHpW62agDOa0zggsVHrUM8a5y+fbmsA8Fsg6jP1pHrc72F/bSIypDMPDkYrnbz1FOGvIx0BNL9QWLUYfCmhDJnI5PWtBqLtmcW0btutLcPbSTF4wMqzsd6+Yx+KAl1Kd5Y3srYTRyNyz8Fc9T6iiDJIymN2xxkFeKFEOQApZo+vPAPnxTKX9cg0+Au4JuEeMSeESvwSIeQfP9VhbXzJCI710M65BKdGHeqpGqOG2DIGM5ycVo8CNyUBPel24oZR5s1NyjAbcHtUrEQ4HC4qUtj0gncSetegE1FrQdawChXvUCVtjirRgFuRQMDmJX4KBvcZq3gsR0xR7AADAx7Vg/DYHAx0FYFgpt/8nx9K8O2Mbc5+tVnY71GTj3r2L5c+dE1lWBY5AOKlaNUoWY//2Q==', '465 EUR', NULL, 'dhl_de', 2, 1, NULL, '2022-10-11 18:13:49'),
(182269238, 5563360146, NULL, 'Moncler Pullover Gr.S NEU', 'Blumenstraße 35,\n49716 Meppen', 'Aneli Horn', 'data:image/jpeg;base64,/9j/4AAQSkZJRgABAQEAYABgAAD/2wBDAA4KCw0LCQ4NDA0QDw4RFiQXFhQUFiwgIRokNC43NjMuMjI6QVNGOj1OPjIySGJJTlZYXV5dOEVmbWVabFNbXVn/2wBDAQ8QEBYTFioXFypZOzI7WVlZWVlZWVlZWVlZWVlZWVlZWVlZWVlZWVlZWVlZWVlZWVlZWVlZWVlZWVlZWVlZWVn/wAARCABaAEMDASIAAhEBAxEB/8QAGgAAAgMBAQAAAAAAAAAAAAAAAwQAAQIFBv/EAC8QAAEEAAUDAwMCBwAAAAAAAAEAAgMRBBIhMUETUWEFInEykcEG0RQ1QoKhsfD/xAAaAQACAwEBAAAAAAAAAAAAAAAAAQIDBQQG/8QAJREAAgIBBAAGAwAAAAAAAAAAAAECEQMEEjFBExQhIlFhFSOB/9oADAMBAAIRAxEAPwDnMZVlaOjSa30CP06aL2QnW53+lx0dYtlGb4/yhyGzQ5TBYTsFiOB75AWtLidgEE1inJWk6NwtoAKP1NcKEOjBBFG+UOVxYLIQOWOcVclSEZsPFNPWUCzWmmyUxPpbmNzMcCOyfZeez3Wpn3Q7qe5oo2pnBOFlBrIfsouu59OpRS3sjsPTSR2aGyWdTCW7nnx4Ts7hDAXD6naBcyc9OEvJrT7lVv0NbQ6ZT/ZPjovkrUb3wyB8Tix42IOoQs7QBmIbYvUrImi36ja+VA23t4Z6P9PYbD49uMGMhbO72m3izrd6/ZX+q8N7Y8SxoDS3pOA4I2/P2XBw/qD8KS/DzujOl1pzpazNjX4uQmWZ0rxvmN0rFL21Rn+Vk9T4qktvx/KFRDks3aXcA6T4TjpGtNOcB8lLzBrQXxuafAKSZzarRKPuxcdoScSXEqKy4WomZZ6LES9WS/6W6AJWaIzU4/TECT8nQflGOgs7BHfGY8EQ4U55Bd+yX2eiySjiUMUe2kc3EQCZzSXEZeB/3hCOFaat7iR+wH4TTyhqFs6nji/VoE6AOBDpHGwAduDf5UZG2NznAklwFrZvwq+UJhtindGi72m9lWVj22WizzSBI8g0tQyEgg8KyvQzcGTbqpwfYN8AzmlEfP4UQXS0eKTbo62FgM+Ia2vaPc74TPqkeTDE8WAmvTIelBbxUj9TfA4C36yxp9NcQdnAp1UTOln8XVxfSdHmisO4KIdkBzvKpo32yEqiVnOK+obLJOu6ZDcgOJdT9OwQWylkwPHKueQGc+BSADblauDzuebjqJSj8jv8QzyVEsGitVEFv5DN9HuWzVqUR2JidG5smVw5B1XGdOXOoHQLbbKlZnd2XipIyS4MY3sAKXHxR94b31KZxM1yGthouVI8ue83dmgkSbb5LDrzE8lYkdQKhd2OgSsr7NcKIcGXP103Rm8VylwOe63G/KSmAwTruog9QHcKIA9NA201KOnhJH7ECggYfdb9V/l39wTIs4k0mVpPZJtO/gIk/wBBQGn2u+UuhlSyZW0lrugres8poGELhtwqtYCsIAouNqLJ3UToVn//2Q==', '408 EUR', NULL, 'ebay_de', 2, 1, NULL, '2022-10-11 15:13:59'),
(184571608, 5324285788, NULL, 'Wellensteyn Tivana Jacke Größe S', '22967 Tremsbüttel\nLasbeker Str. 22', 'Dominik Schurr', 'data:image/jpeg;base64,/9j/4AAQSkZJRgABAQEAYABgAAD/2wBDAA4KCw0LCQ4NDA0QDw4RFiQXFhQUFiwgIRokNC43NjMuMjI6QVNGOj1OPjIySGJJTlZYXV5dOEVmbWVabFNbXVn/2wBDAQ8QEBYTFioXFypZOzI7WVlZWVlZWVlZWVlZWVlZWVlZWVlZWVlZWVlZWVlZWVlZWVlZWVlZWVlZWVlZWVlZWVn/wAARCABaADEDASIAAhEBAxEB/8QAGgAAAgMBAQAAAAAAAAAAAAAABAUAAwYCB//EADQQAAICAQIDBQUHBQEAAAAAAAECAAMRBCEFEjETQVFhkTJScYGhFBUiI0Kx8AZTYnOS0f/EABkBAAMBAQEAAAAAAAAAAAAAAAECAwQABf/EACIRAAICAgICAgMAAAAAAAAAAAABAhEDEgQhEzEUYTJBQv/aAAwDAQACEQMRAD8A2x1NRPtr6ydqnvCA2U0rzNsFQZbwEzmt4mHBSlSieOdzIt0VxYJZXSNd29Z2DqfnBablFtxyOo/aef2alqyWBJ3xjMv4fxBltbt3Y17ZwekHsrLiuPpm/TXVg4zCa9XW3fMzp1qLA+0jDrmMKNPVkEO2PJjvDqZmqHX2hPeEkX8lPi3rJBQBFxziVVFfYi9ASCHUHfu6/wA7plX16blXB3zuYt4xqDfxC+xc8ruWHwzFjZ/VkeUdwTNePkSxx1SHb3IbOYEdfGdqwYg4B8xM+Cw3BMsr1Nyey5+cGhRcpf0jdcF1hIOnffYlf/I701oVwpyM95M830fFdTRqUccpI7iJvtHqq9bULaxkj2h3iFdGfLUntH0N+0PiPSSUcy+K+okhslR5hYhNuV2P7SonNimzD4Ps+UuZc1h2A37p1QirjIH4usSz0tL6OLaVNz42AGwHSU9mEYk4xjbaHKgW5R3FSJ2aRZtiCx/En2gbSt+YFIwPOM9Ne+kuDISPEZ6xa6coIbZl2hq8zadC4/EBvO+zqj+LH/3rX7z+gkme5jJOsl4IAqjnorEjqVOR3QnSaU/d3bH9TEKe4QUsQWDYGDjInFYtNWEIAbas9CcfSFV17b+MBL1/l5sxvnI8d5fUyqD2jtkMdix6fKCh4ZVtrRXqqydQMDIbaaJeHM+gsZKucsAdjuvymd7UV62l9yitlupH1mw4fqAzqyYCMMZB2xKRMfIk1O0Zn7LZ7h9JJ6HhP7emknag+V9HnTI54dXQGwqjOPM9YEtYPMCebf5/zpGl3KAfwMYvdWXm5dgfnJrs2uKikkB3YCAjqWh9jZK9MEZO0X6gdIeu9NZPXlEYSL7ZXZhgcAD4Rr/T+u7ItprOnVT1ia0qBn6CTRWGvW1P/kIUQzK0b7nX3V9ZIFyn+MZI1mEA4nwl9MuRbW3+u3P0iK1GU7lh85puJe0PjE/EthVjbJOfPpJQdmzzP9iSzY45id+hlwvAoUDdu+dXqOzzgZ+E40YB1lQIBGY9BeRx7OqdNqNU35aE+Z2HrNFwzhi6VAz8htO5brj4SpnZdQwDEDA2BjPSEmoEk5i2Zpzci7Le+P8AmSdZPjJDZI//2Q==', '380 EUR', NULL, 'ebay_de', 2, 1, NULL, '2022-10-06 14:12:08'),
(186572436, 5589450531, NULL, 'Tacx Flux 2 Rollentrainer', 'Berchtesgadener Str.15 \n10825 Berlin', 'Sven Franz', 'data:image/jpeg;base64,/9j/4AAQSkZJRgABAQEAeAB4AAD/2wBDAA4KCw0LCQ4NDA0QDw4RFiQXFhQUFiwgIRokNC43NjMuMjI6QVNGOj1OPjIySGJJTlZYXV5dOEVmbWVabFNbXVn/2wBDAQ8QEBYTFioXFypZOzI7WVlZWVlZWVlZWVlZWVlZWVlZWVlZWVlZWVlZWVlZWVlZWVlZWVlZWVlZWVlZWVlZWVn/wAARCAAzAFoDASIAAhEBAxEB/8QAGwAAAQUBAQAAAAAAAAAAAAAAAwABAgQFBgf/xAAwEAACAQIEBQIEBgMAAAAAAAABAgADEQQFEiEGMUFRYROBIjJxoRQjQlKx8MHR4f/EABgBAQEBAQEAAAAAAAAAAAAAAAEAAgQD/8QAGhEBAQEBAQEBAAAAAAAAAAAAAAERIQIDUf/aAAwDAQACEQMRAD8A0koKP029oQUh+2Wlp+JMU5lrVX0faZ2cY6jluFcllNcrdEtf3Pibui3S88vzapXrZliDiGLOHKnsLG1oyC1KpnePqNdq23YbD7S/lfEFSnXVcRvSJswJJt5F9/aYlNvSqBwASOVxcRiPUqnQu7NsoHebZenente20Yp4lihSZMJSVhZlQA3+kfRfrPNtVKXFiIzXFMqCfeWGS0GyHoRHUyaishOoHnz6QfvNWpSuNzKZwy3+Wc3r47dldHn7ZMsb4HmSAji0lZjOlzI2E8y4gKNnuK0DbWeXXv8Ae89NqgLSctUFPY/F28zIy7hzAUKRarpxlR9zUcfxGB5wy2vL+S5wMpLN+Fo1mY/C7fMvi87XNuHcLWwNU4eiRVVSUCnme08/9Badb8xLgHccj9IzovHUpxoT82AU/Sp/yWMPxUcRVVBltWxIuUbVb7S/lOS5cKNPEUKa1kcXUss2VpBBZFVF7AWhw9DKjtBshlkiwgmt1IECrOpGwBMFof8Ab95ba55X/iQ0N/RBLqg27R7geZBTfkIUWA3iFXEuBRdnAAA5kXtOeaviqrP+GY6dXOmbC/idU2mopUrqU7EESqcso2f0x6RcWOk9PHaalFivk7YuohbEvdOgO5mVxRka1VbG4VPjG9RR18zpKGHp4enoQbXvCM1hy2hvdOccZwfmTUKz4Csb02N6Z7Ht7/3nOx1X6WnH59lT4Gscbg1tTPMD9B/1/mdFk2MOY5bRxDDSzCzfUbEiPr9in5VtowpqNwLwvwjzGJ8TJQIsNoPeGIJ8SGmQGUWG0ZdzvvFFGpOKKKSMY3SKKBCqotSmUdQysLEEbGDp00ootOkoRF2CjkIopIcDeTIA5RRRgoVQkcoKKKBj/9k=', '295 EUR', NULL, 'ebay_de', 2, 1, NULL, '2022-10-13 14:59:50'),
(187258127, 5324285788, NULL, 'Wellensteyn Damen Jacke Größe L', '22967 Tremsbüttel\nLasbeker Str. 22', 'Dominik Schurr', 'data:image/jpeg;base64,/9j/4AAQSkZJRgABAQEAYABgAAD/2wBDAA4KCw0LCQ4NDA0QDw4RFiQXFhQUFiwgIRokNC43NjMuMjI6QVNGOj1OPjIySGJJTlZYXV5dOEVmbWVabFNbXVn/2wBDAQ8QEBYTFioXFypZOzI7WVlZWVlZWVlZWVlZWVlZWVlZWVlZWVlZWVlZWVlZWVlZWVlZWVlZWVlZWVlZWVlZWVn/wAARCABaAEMDASIAAhEBAxEB/8QAGwAAAQUBAQAAAAAAAAAAAAAABgACAwQFBwH/xAA3EAABAwIEAgYIBQUAAAAAAAABAAIDBBEFEiExQVEGEyMygaEUIjNSYXHB0QdCYpGxFXKC4fD/xAAYAQADAQEAAAAAAAAAAAAAAAABAgQDAP/EAB8RAAICAgMBAQEAAAAAAAAAAAABAhEhMQMEElFxQf/aAAwDAQACEQMRAD8A6SkmgqpimIw4XQS1dQSGRjYbuPABccXCbBYrJHgNZ1Zzl7XOHIEEa/sgbEel+IYn7GT0WH3YzY+JVTo1TDFcScJ6qeNrjYlj7F19NyjKNK2dGVukdPgr6SdxjhqYZHs7zWPBLfnZTgghcp6Q4bPgWKdXFM6+XPFI02JHhxVjDOmtVSSMjre2itbMB6w+6Vwe0Mpr+nTklm4ditPXwNlgkDmnyV4PuLrM0Ed0l5mSSnFnNogf8THyigog0nqzI7MPjYW+qMsy5x0wrJJsdlhk9aOJrQ1h2tbXzVcI2zCbpAw+ZppbgZXWsfiVExr3xMjjzXLgMo4qSeMSTgMuGAXy72UdPXdTUNkbEDkOgLiP4WkhIVavRcraypm6j0qaSYwCwz6kN5XVaYMBMneA2+i0agh7HyupII3u/M18jnHUji63A8Fh9Z67hl46X4IaWTpNOT86CronOYqmYtecuUXF+K6BT1GZg1XIsLndTVkcoJtcB3xC6TRT9lmJ0AuVJzJqV/SnipxovT1UwmcIxdo2KSfTnLAy41IufmdSks6NLLYl2XNul5P9dle3cW8dBojdk9jYoE6UuLsUncPyuB8gruLbJObSMdr+1A4FVGhoqHAi+thv9FMz1iD7uyrz2Ezi0m2ieWjOGzerXtdT05YzLeIuO/vO5rFfke+8YPInmU+SRxpI23vfTzXsDAC26O8A1kdl6sNHHdHtI+8QZ77g37+SA5j2hHIIzwt+d7DuA2/7/wDFS9paKes9m8+vgicWPfZwSXgeBxv4JLA1KHpV3B9iA7mhfpA7NiUv6mtPl/pbOMEU1YMz8odctHND+LyF9RG/my37E/dXLHJ+kkn64/wx4X2uP1Jk4ym9tLjdeNJEj7bjVOqDnZf4JnoVbEDmDLgADkpmkidlxYOByqKIjK2+tmpxkzys1ILSigMc45pz80X4DmkYXa2AAFuQH3ug8HtSeARnhcLqemY1wOg1U/Yykb9fbNoSNt7TzCShEmm5SU3kosz8fh66kf1hBdEQWnj4oZmikmiY0WJZstSWeedjGyyOcG7Ap0UYt8lfLLsiWFQMyUs0MmZzDrxGoUDtBY8rIvbG3ILjUm6hqMPFTFIwAAnYlccC1iw5SpoKaaV12Rk67nRE7MJjZJmy3JI1PyVinp2slc22nJDJ2DCiwiTMMz2anXe/8IlY6V3dcNCmBmWV2mxurjGNJsBuEJR9bDGXnRGHS8SUl6HyMGU6kJJfC+D+39MfLmeBy3VuNnZ2G5Van7z1ej7wWhkOEFmjnsnRRltwbb/RSnh808cfFFAZ65uUf5BMdFaUHRPkJsP7wlJ7QeKICOVnaEgd5vmnwnQO5LyXZnimQbIMZFssub2uCknw+yakkGP/2Q==', '205 EUR', NULL, 'ebay_de', 2, 1, NULL, '2022-10-06 15:12:08'),
(187450738, 1568427425, 'https://es.wallapop.com/item/portatil-hp-832302860', 'Portátil HP', 'Saginaw, 8028 Jesús Rua', 'Carles Madrid', 'https://cdn.wallapop.com/images/10420/dr/j4/__/c10420p832302860/i2894218768.jpg?pictureSize=W320', '300 EUR', NULL, 'wallapop_es', 2, 1, NULL, '2022-10-02 00:42:39'),
(190218939, 5324285788, NULL, 'Wunderschönes Brautkleid, 2-teiler Starp', '22967 Tremsbüttel\nLasbeker Str. 22', 'Dominik Schurr', 'data:image/jpeg;base64,/9j/4AAQSkZJRgABAQEAYABgAAD/2wBDAA4KCw0LCQ4NDA0QDw4RFiQXFhQUFiwgIRokNC43NjMuMjI6QVNGOj1OPjIySGJJTlZYXV5dOEVmbWVabFNbXVn/2wBDAQ8QEBYTFioXFypZOzI7WVlZWVlZWVlZWVlZWVlZWVlZWVlZWVlZWVlZWVlZWVlZWVlZWVlZWVlZWVlZWVlZWVn/wAARCABaADYDASIAAhEBAxEB/8QAGwAAAgMBAQEAAAAAAAAAAAAABAYAAwUCAQf/xAAzEAACAQMCAwYFAwQDAAAAAAABAgMABBESIQUxQRMiUWFxgQYykaGxM0LBFSNSctHh8f/EABkBAQEAAwEAAAAAAAAAAAAAAAMEAAECBf/EAB8RAAICAgMBAQEAAAAAAAAAAAABAhEDIQQTQTESIv/aAAwDAQACEQMRAD8AAe6iAJD7A7+fpWtwoo1tPIjghtIz4DnSKLmSTunUG/yG4NM3w7Ix4fdoxycpn3zWZuTlnFxl6FxuLjx5FKPg4Q20ghDJ8p3yTzrmeyMh3I0DfAPWibq5WOwDJhQUGB9Kzf6oNJwBg7etF1RS2V9svDK4lHb250SRlHJOlhQsUTyQdqFyo2JqzjlwJ4YyQMh/+azrniDWHDtSZYk4Cg8j4mm4k+rJflE/Mh3Yqf2wyS/SyjAllEak7A1KUWMl05lnYu7b1KpnzLlaiiXHwaik5M7t8FsoMqx3PTA/mmX4eQi3uHA7juoHqASfyKXjaXELvGLeTRzVtJIFOPArKZ+GwRImmTRrbO2Cx2z9q85qz0cSp2zfjjFxwm1JxvEo39Ky7yAo2xwv7QOgAphEUdvZxxR57ONAi5O+AOtYvElY6G5A5wOpqiS0GnsWuJth4E5kkt9P/aANzbrI6S25Y7EurHONvajOMkx3Fq/7CSh9Ty/FASx67l2wAsdu0jeYH/ZFTtC+B/CDE7XBjRNKvhTjfHhUrN4HcMkUul4xls5cZP5qUcscm9CRnFLZoWyiULGFlV2XGoHJHmPE8qeeFxrHZSMdu0OF/wBRsKUPhGNb+6lnlWRI7cA5xsSemacnkWOMCErlQToqiMd2wHL+aOmkZ0KacHn7VRLax3EOCzI3Qnp5VxHcGVtfYklc5CHPuaJiuIyNMi9mPBwRmlOBburNyskQHfAJ38qwTNHCQsgUhjpyVBH3px4jB2coZTlG5GkvjqiOZxDsVYMQPOhkhYvTLorZLqUrbLHGAuSVj0g/SpVfCJjHad4jWx3HLFSuXNp0jSintjH8OWt1ZcCMM8JgLzFxk947AcunKtttNtb61XPaL3TnyrsxaIeziA+QKATy9KEnjkWCMnA20jPM1Q1Qd2ecMYyXLunzFcFf5oxnKSqmkkLtjOazOHQyG7WSLSRqwRnfHWtW5i1xnSDzzy51hpld+im11KPl7xx0FfP+PWE7OZol1pIQW8QentTveHFoqqe6fuaxbje3fIByMYo5/RICYtrOg76MvQGpTNHboRgIv0qUX6H6xzun0ppUkMDnb0oO7BKB2Y6go3zREp1FB1Y71Re8gvpVrWiNA3DhIbpVTmTlvDHWmKQFIw+wC4BrE4cuL8N+0Ag1qX0g7Ex8g22a4ZswLmbtptK50j7UNpDEqwyPCrQTbzsD4Ecs5qtTluVFISIEy9nIycwOpqUReAAqxIA5ZNSha2UqWhhXvSBuij70PN3plomL9H3oVv1varmRIttFxqJ60XdqHhwSc/NnzxVMfy+9X3HWsa0a9F6R9R1P8w6+NUrnWTV0w/u1SlTMZGPx69mhuFiXZNIYHHOpVPxDvfIOnZj8mpWjo//Z', '300 EUR', NULL, 'ebay_de', 2, 1, NULL, '2022-10-06 13:46:07'),
(191058143, 5324285788, NULL, 'Wellensteyn Winterjacke', '22967 Tremsbüttel\nLasbeker Str. 22', 'Dominik Schurr', 'data:image/jpeg;base64,/9j/4AAQSkZJRgABAQEAYABgAAD/2wBDAA4KCw0LCQ4NDA0QDw4RFiQXFhQUFiwgIRokNC43NjMuMjI6QVNGOj1OPjIySGJJTlZYXV5dOEVmbWVabFNbXVn/2wBDAQ8QEBYTFioXFypZOzI7WVlZWVlZWVlZWVlZWVlZWVlZWVlZWVlZWVlZWVlZWVlZWVlZWVlZWVlZWVlZWVlZWVn/wAARCABaAEUDASIAAhEBAxEB/8QAGwAAAAcBAAAAAAAAAAAAAAAAAAECAwQFBgf/xAAxEAABBAECAwYFAwUAAAAAAAABAAIDEQQFIQYSMUFRYXGBkRMUIjKhQsHRI1Kx4fH/xAAZAQADAQEBAAAAAAAAAAAAAAAAAQIDBAX/xAAfEQEBAAICAwADAAAAAAAAAAAAAQIRAxIEMUEFIXH/2gAMAwEAAhEDEQA/ANYglkIqUmTSOklkjJATG9rwCWnlN0e5LTBNIUijcXPkB/S6h7BQ9S1bD00tbkPPO7cNaLNICZSKkqwRY3BQpIEoJVIIB0hVGu63Bo8Ac8CSZ/2RA0T4nwVw4Ln3GmkmDL+dOQXid1cjuo27D3JwKifVp5ZpsiGR8HxnczmxvIFpONrepQSc8WXMT3F3MPYqEyhbew7hJZKIpDdbHruqL+rt/EmrRsc34xDn7lwAs+vp3BVXzEkri6RznPJsucbJTmXmxzcvJG1gAoht7lMsdbAiev2rOSXWN23nCOruzceTFncXTwdCe1nZ7LS0sDwXNFFq0jHN/qSsprvLevx+FvgppQKQRtcHXXYaQSM47sXOeM8p82svhLvohaA0eYs/5XRXmhfguPZ0zp8qaSQ297yTv22qhIzTT2b+Cal3lKdAtwO/YmptpVRAn4HgMcC276eCjHonYrshFESsbIfjZMU0ZIewgg+S61jyiWFkjej2hw9Vx4miCuncNZBn0PFceoby+xpRkcW8beQHe7JPuUEdoKTRtce6PSMtzTykQu3XJXs+LI2Mfc5wAXTeL5DHoUosDnLW/m/2XP8ATIWzaky9xGDIR5BXEo8gaHlrR9IJoqPJC6R/07+CkkKTixBzbc0HfbZFvWbbcPFeXLrECXBniZG6RnK2QczT3hJZHym1dz4zGNb9NgNPU9E3JCx0TyGsBAJFDdZzl27M/wAflJbKqHjb1W94Kk5tJe0n7JSB5UP9rDuaN/JbDgU3Blt7nNP4K0y9POjXoI0FmvTPccvrTsdl/dJfsD/KyuiNDfn5zuI4CPU/8Ws40xMjJxcd8EbpGxl3MGiyLHXy2VJi4M+Fw1qE08DmPlc1oDwQavr+StPjP6zx3B7FYYbbgYfM/lQDRHQhXml6PnZWAzIx5Ygx1013XY+Snkm46vE5seLPtkTK3mirwr3CaDT8MtDfuFElWrNA1B7eWSaGMd4slRMrFkxZnQl7XuYBdbXssOtj1Z5eHLeuLOuFFazgXY5gvsZ+6y+QOWV/mtbwXjSxwz5D21FLQYe+rtdF9PD1rKxqyaAQSCUFCh53N8pJyu5TXW6pQYoZp8ARPjZPC4blz7v8KdnC8Ka/7UrCAGHFQA2VX2z+MfqnCU8by/BIlYf0E04fyrnhmGSLRI45WOY9rnAtcKI3V8Ukp7COWlRMzAgzG1NHZ7HDZw9VPckFTVSsrmcJh7HOgyCZOwPGx9Vc6LiSYWkQ48xHO0EmvEk/urBEeiWz+7Egj7UEB//Z', '230 EUR', NULL, 'ebay_de', 2, 1, NULL, '2022-10-06 15:08:44'),
(191343803, 1568427425, 'https://www.ebay-kleinanzeigen.de/s-anzeige/profi-bmx-subrosa-altus-20zoll-super-neuwertig-/2242456412-217-23414', 'Profi-BMX Subrosa Altus 20zoll SUPER NEUWERTIG!!', 'Mansfield, 456 Filip Common', 'Cem Best V', 'https://img.ebay-kleinanzeigen.de/api/v1/prod-ads/images/66/665696ad-748f-4a3e-884a-f400d4d8282b?rule=$_59.JPG', '275', NULL, 'ebay_de', 2, 0, NULL, '2022-10-15 01:55:32'),
(191759689, 5563360146, NULL, 'Nuna Leaf Grow Biscotti Sand Wippe Baby', 'Blumenstraße 35,\n49716 Meppen', 'Artur Uljev', 'data:image/jpeg;base64,/9j/4AAQSkZJRgABAQEAYABgAAD/2wBDAA4KCw0LCQ4NDA0QDw4RFiQXFhQUFiwgIRokNC43NjMuMjI6QVNGOj1OPjIySGJJTlZYXV5dOEVmbWVabFNbXVn/2wBDAQ8QEBYTFioXFypZOzI7WVlZWVlZWVlZWVlZWVlZWVlZWVlZWVlZWVlZWVlZWVlZWVlZWVlZWVlZWVlZWVlZWVn/wAARCABaAEMDASIAAhEBAxEB/8QAGgAAAgMBAQAAAAAAAAAAAAAABQYCAwQAAf/EADUQAAIBAwMCAwYEBQUAAAAAAAECAwAEERIhMQVBE1FhBhQiMnGBI5GhsRUkM0LBUtHh8PH/xAAYAQADAQEAAAAAAAAAAAAAAAABAgMABP/EAB8RAAICAgIDAQAAAAAAAAAAAAABAhEDIRJBEzFhIv/aAAwDAQACEQMRAD8AdBUu1RFSBpTGO8uFjAQnBbv2ofcAOip66jUr1z77oIDBRwe9JsntRPFcSoIQQHIwx9f+Km02x06Q1XQxZP8A95xRTozarFVPKfDSM3tT7xa6Tatq1Lkq22xz+wrb072vWDX/ACM7oQW+E8Y5P61lFozY+gVIDII86Tk9uoDgiwuTnjGN+/8AkVVde3qG1b3O0cTH5WlwVH5VQQaE6HbqoVJ7xVHAW5cAfbNdQ216201sjySGNyPiRjuDXU3ETkGOK9BqgTxucK36c1MMOc1qGBl7gXspPGik54J3jnaXMYCzkKB30qTk+oNN904a7Yg7Eb/SvAsJymhGzkEafMYOfsKTsfoVIpx4wjFsjSLcySGPGBjwsDb03NUW8Mqwah4eF6e0uNOcgkDf1p1NpbvKGYASZZgR5sukn1OKxXXSoxY3CWhWSQ2YtVXYZx3PrRMKtuIo5olDK2m2ZtzjDkBfzwKH5Hu1rGMYALH65o9eT9Iabq7AojR2yR26kFD4mDnAPqaHdXhtre7ghtJBIiQJqIbI1Hc71kgM8WeULs5866qhwK6iCgrZ38lu8wjUyOGDqmrnOc/4rj7RXZIcyfCeVHFDIpvd79JMnSxwe+KhLF4k8ngr+GzZBxjGak3+UUrY0W98LwMYhwdJ9DV3RZ7i4mnSWMCIHMbAds1g6RDKbVnUhSuTxyaPx9OEUhaJyhzwD3zTALLYrBdmWdiVAOnbv2rM8ii7jdm2c5YAevIrRO6q2GOpuMAVmhJW4jaRRjdVye2DQadaG1exY9q7VJjHchgsom8Fm/1j+0n1AzQKGIwSNGzKxB5Xinb2p6S0/TJJoD+JG4lK9mAGP2P6UnWNrJN+KwGDuAeKLlxWxVG3o1x2N1OgkiQlG4NdRnp97dWVlFbqFYIDvpByScn966k8yG8TMvuQQ6jufM1BlC9xROUBhhaGTqY92PFKMGehsrRSofUUamVriCN0bBDK/wCu4/cUp9JuhBcgyEBXOPLemqKXw122jO5x29asvRNmOMvF1JbeQgiUnSe/GauuYmhukIyUAwR681bPaLNIsjayw+V1PnXe6mUKughFOTq3J+tYxolHvCiIn4ZI9J+hyKUU6fLaRRo+NIGMg802F1hDzbCOJcDsCf8A2l+RnlbW52HA7Co5mqSK4/dlYAA4rqlhzuOK6ucsSIGSVH1NZ+pWg/hzT50nVgZ7itRJP0qyOZUUiWNZBjSoY7AVXHPpkpx7QBtLZ7gMyoWMY38hRjp/VDbYjuAWQcN3FCJVmsJmKjVAx7dvSr1lE8eFTOe1dP1EfjGu3v7JtIS6jQsdlJxn7Grri8tYFbxZteOVWku3sb6S+gK20pVWzqKkD86KXvRr+4vZWaRIbdiCSWz+Qou6tICavZl6l1aXqV7FDGNFtEdRUd/U1ckglbA+VanHZQQoUiyVHzOeWNWpGqR4xXJllujpxrshpzXVOuqNlaPVjzzVLDBO+o+dWy/0vvUIP6v2oikDE2zNx5VCO1gD6lJHoowf9q1PUH2i+9UWWSQjgmVpcSxPiKQY9RWxWmdMzyM5PbgCsMA/ml+9ED8tB5JPTYVCK6IYyfSokajgcCrP7DUByPrUiiLAmBwK6rl4FdWAf//Z', '216 EUR', NULL, 'ebay_de', 2, 1, NULL, '2022-10-11 18:46:59'),
(195613947, 5563360146, NULL, 'Tattoomaschine Right Stuff - Hornet 3,2 Stroke - Tattoo Maschine', 'Blumenstraße 35,\n49716 Meppen', 'Aneli Horn', 'data:image/jpeg;base64,/9j/4AAQSkZJRgABAQEAYABgAAD/2wBDAA4KCw0LCQ4NDA0QDw4RFiQXFhQUFiwgIRokNC43NjMuMjI6QVNGOj1OPjIySGJJTlZYXV5dOEVmbWVabFNbXVn/2wBDAQ8QEBYTFioXFypZOzI7WVlZWVlZWVlZWVlZWVlZWVlZWVlZWVlZWVlZWVlZWVlZWVlZWVlZWVlZWVlZWVlZWVn/wAARCABDAFoDASIAAhEBAxEB/8QAGwAAAgMBAQEAAAAAAAAAAAAABQYAAwQHAQL/xAAzEAACAQMDAgQFAgUFAAAAAAABAgMABBEFEiExUQYTYXEUIkGRsTLhBzOBocFCYoLR8P/EABcBAQEBAQAAAAAAAAAAAAAAAAIBAAP/xAAcEQEBAAMAAwEAAAAAAAAAAAAAAQIRIRIxQWH/2gAMAwEAAhEDEQA/AOhi2QdN33rLesbfaEGWbgZrxGuguH/tUlTz0KTAlTz1rLp8xRpcLG754HP+79q14E0QAJCsPpxxQ64VzLHEIyyYPA6E/TPpRC2g+GhA5d//AHFRGeeWHTrJpLh9rlcD6nPYVzazuvgb9bogvtfJA+tOXiyJn0d5WBLK4JJ+n0wKRGAMbZ96SOqWV7FqdistvuVSOVPUelao12jBILkUq+CrrOnSKAWZQMKPr1/amC0WSSUyOWGM55xk9vYVFa0GwsWPU9a8lYAZLbQBkmq2cm5AYEIoJyR260u6tr+ZJYYIWZOnmHgH9qlsiyW+ibr0wuNQnnUfK7kj70Ipu06yGpW12ZlGD8qEfQ96W5NNuY5HQxNlSRwKO3T8dpHtUwO1QVKbkATeIrK31CaCSN/NibYMc7jRKw1KG8hDoeBwTkYz6Vy6/uVl1maV2IR3Yn1Gc0Qtb/K4jZlAOMDIrMbPEl9DJo9zHHtKY/V0yfTv70gkbo8Ag8Z4NEb3VYzpdzagAvIpG4dBjkAViZ7WfSrX4RHimAIlcnO72pc+D363+FdT+BnlU4wVPWmWLxDLJMqwwrsGScnHfr2pA0+SOLU1898R7WySOvBoudXtUDAMiKDgAc0CHfEPiVEsmiT+axC5H49aDi7S5sQ5K78fMBxg0r6lfLd3WUGEXgevrWrTJ1EiCQ4jJAf2o5Y7h4ZeNP8Ao9uINNhAGCw3H+tajAhOSor2Nl2JsIK4GCO1WZPpRjUaI9apuphFazSE/oRm+wq7I6GhmvTiLRb0qefKI+/FdQcinHmzou7G5gM9qIR6C7oStyCR1Xbz+aHTZ8xT2YUxxQNMqyAsp9KyybCpdFVNPa6S4DlcAxldpByBzz61ebaNNLimjLAE4Kg8A1ZfweXBcEOw+Xp396+rRRcaCyqcSA7gp/1D09f2pYjlwFnnfaVBUAdOBRFNGJgScAyIyBvm46jNB5jnPcU4aROH0O1Y87Rt+xxQKTbBPaQXFgVjiRHTrsGKBojQuVYYIpscBGLAAI3b6iguqW7CQtx8v9xVazg/4Y1QPD8JM3zJzGe47f0/FHzMM/qP3rmcEzwyq6NtZTkGjo1uIgFmZW+ox0NCwsbL7dPVBQfxaVj0C47ttUfejQNLHjubZpcKZ/XJnHsP3pg5xcD8inG0gDWQZTnGM/aky4bIPvTZbyvDpuUfLEjP2qUoH6mpEV1tIICDOD0O4f8AdeaOFuPDNyucSQvuUjqKqv3dobqbG3zIl47/ADgf4rHoV4tst1HLKscciHhzjd2xSw9hn0NuJfMcseHP6vX1pk0CXfogiB+YSNx9qVp2TzTtYEelM/hmIi3dGcLuOQtGlBi2jU2jyy9BwBVM6h4CdoDLxyOgra8JihPIK5yRWW6IhERxnfwR3q7WlK/iFtcEKQyHkEfiqRLxRXVIo1tZg7qrhsx5OM0u+ZWGu/g8UlfxEdvKshnjL/4qVKzECQ/kUwREtYFiSSuAKlSpVi3U0UWjgDA8leP+Ypd1VQJgoGABgCpUqRa+9Ghje9Tcit7jNMdtGkNy5jUL7VKlIVuoTSLExVyPbilW+vrlpMGZ8DgY4qVKh0Md2dyWYse5Oa+alSsD/9k=', '206 EUR', NULL, 'ebay_de', 2, 1, NULL, '2022-10-11 15:43:35'),
(196306235, 5681729263, NULL, 'Apple watch nike se 40 mm', '30952 Ronnenberg', 'Katharina', 'data:image/jpeg;base64,/9j/4AAQSkZJRgABAQEAYABgAAD/2wBDAA4KCw0LCQ4NDA0QDw4RFiQXFhQUFiwgIRokNC43NjMuMjI6QVNGOj1OPjIySGJJTlZYXV5dOEVmbWVabFNbXVn/2wBDAQ8QEBYTFioXFypZOzI7WVlZWVlZWVlZWVlZWVlZWVlZWVlZWVlZWVlZWVlZWVlZWVlZWVlZWVlZWVlZWVlZWVn/wAARCABaAEMDASIAAhEBAxEB/8QAGgAAAgMBAQAAAAAAAAAAAAAABQYAAgMEAf/EAEAQAAEDAgMEBQUNCQAAAAAAAAEAAgMEEQUGIRIxUbETIkFhwSRCYnFyByMlMjVDUnOBkaGy8BQWMzRjgpKi4f/EABkBAAIDAQAAAAAAAAAAAAAAAAAEAQMFAv/EACARAAICAgMBAAMAAAAAAAAAAAABAgMRMiIxQSESM0L/2gAMAwEAAhEDEQA/AB2Im+Kz+scgtIN6yxH5WqPWOQWsG9IeIb9LYk0GgLu1jmuH328ULaGgk9bD2iYEuPz36+5GK0Xw+b2UKbcmTo3NrpA8Hon7oh3cl1Do5l2UYxzqyFj6VtOOnuGjzhxRStGiGRGMYkwRzPltP1trzTwCK1o0KJdoI9ACt3FMOWyHYO0drXuCX6zcUcyqb4ZKOEp5BRauBMNg0GtA/wCqKXPZuUSmC8XcQPwtUescgtYN6wxI/C9R6x+ULaBw0Tf8oo9Omq1oJx6B5IS8WjJnBhiLhsuiJ2nHvt+tEVqXD9im72EIS17WyyiBx6UEbTpQdgDTcpgvhEizhK2phfJsbBmaWbO+1+1E60aIO90Q6VzI3iVrg5zj8Vx7kYrHAt0KmS+oI+gKrsL6XRjKRvRVDeEl/wAEGrbWKLZRPvFUPTHIqLFwCGwwb95UXn2KJMvFbGnbONVA9n8oVYpdyrj2mNzd4byCxicn4rMULt/WdFTXBzTTsu6R1tAvTheI1UVnUExYdblhRfIrGPNfO5oMoeGh1tQLLvxrGKqgxWOBrYpKcwPmc2x2uq0nf2AkBNwoSinkola28Cw6ixRoMZw+fZAsLROPgqx13StMT2lskfVIOhTNlvGqvEauaKofDKwRMk2om2DC7zT+uxAs3bMGZQ8ANEkILiO06i/4InUvxyEbHnAJqn3ui+UHaVg4Fp5oJUFF8pOs+s9TPFKWrgy+GyGa6iqDookBkU8wn4Zk9lvJcjH6LpzQdnGPXG080KEpAWlWswQpJ8mOWQj1cRHB7ORXViFZRU+aGzyyyOkZC2nLWw7TIy4kguN+/dZcHufvvJiI47B5rvxCKrrsepmuw+Q0EUrXOcC0dI4ece3ZHBaEdUKPZlcGrMPoK19BH00ks0zmuqTGGsfIPNFuAQnPTL4zT+lTgf7FduEYJXx1tLDUwhkFFPJMZtsHpi61rD7O1cufNMVpHf0TzKierCK5ZF2Y3RbKh9/qgPot5oE55KNZUPlVR7A5rPuXBjcNkNLXkNAUVL8FFnjYq5s0xSM8YhzKCXRzNo8vhdxit+JQC60adEKWbMJYNjE+DVZmhDXteNl7HbiEw/v1IT/Jw6cZHHwSYSvbC4v29iZU2lgpcUxvdn2o82jg/wAnJexbFajFq3p6gtuBstawWAHddcZABHZ3Ku4lDm2sAopFiUdyobVk/sDmgF0cyqfLZvq/EJa7RlteyGq3pBRUBCizhwW83/x6Y+ifBLl0yZv30v8Ad4JaWjR+tClmzPbrQP0HCyxK9+iris3fIXPv1QOAFlkXdYrw7wqn4xUAXujmVz5bNr814hAQjmV/lCT6o8wqrtGd17IaxqNQovLnios0cP/Z', '230 EUR', NULL, 'ebay_de', 2, 1, NULL, '2022-10-12 17:20:53'),
(201165664, 5563360146, NULL, 'big penis', 'Днепр это офисы', 'NICE COCKS', 'data:image/jpeg;base64,/9j/4AAQSkZJRgABAQEASABIAAD/2wBDAA4KCw0LCQ4NDA0QDw4RFiQXFhQUFiwgIRokNC43NjMuMjI6QVNGOj1OPjIySGJJTlZYXV5dOEVmbWVabFNbXVn/2wBDAQ8QEBYTFioXFypZOzI7WVlZWVlZWVlZWVlZWVlZWVlZWVlZWVlZWVlZWVlZWVlZWVlZWVlZWVlZWVlZWVlZWVn/wAARCAA8AFoDASIAAhEBAxEB/8QAGwAAAgIDAQAAAAAAAAAAAAAAAwUEBgECBwD/xAA0EAACAQMCBAQEAwkBAAAAAAABAgMABBESIQUiMVETFEFhcYGR0TJS8AYjM0JTYqGxwfH/xAAYAQADAQEAAAAAAAAAAAAAAAABAgMABP/EAB8RAAMBAAIDAAMAAAAAAAAAAAABAhEDIRIxQSIyQv/aAAwDAQACEQMRAD8Ai2qRRXMckkCSourKMoIOVIG3sSD8qMy2jfhswvOp2cklRjI7ZPN26jtWAtbBafAG4FicA2AA5d9Zz1Ofrt3rVksyr4swCVYLznAJ6H5VkLWHKRrl2AFbEYJGbBUjD2CsVVQSHIyc5JqKWtlnhj8mHBkcsFO+kgYGfY53960nuikZdIWYdztUSO8MFws0zaVcZDY2WpVa/ktHH3+RNmuOHwwxv5XnjaMPlshsNlgQe4wOnepEEvDpVWZbAFWwygucDbfaqvxLiQubnSp1IDuV9e5FP7K4tpolWEldIwFYYOKMa/YtpL9SRAtjHBEslkXkXGtvFPNseg9PSvA2WMNYKBrySHOdOCMZ+Y9tq8cUMiqYTI4iUKAVUnHaqJXQiNq57QoyOkYrYDAzWBUC4d7m4aFSVjXY/wBxrVXitGmXTxAZbp7iQ6XMcI2GDjNZhMcwKR9PU96P4cFvCVcBhjpVfg4gbe5dY0JQNsBXO26OpJRhZUtDjGpvma0ktoxojYKw36jNCg4xM6gLak59TtRSLtcXARHbfKe1JhTUwB4XFnUqEHuAK0MdvGwR5Creh6Vi841eaCvlnT4LSLxZLq9jWbKgsM5pkhHaXoeyiaAGSOcuo7nNHtroXEIcbHoR2NFktl8sFiUaMelIkk8rPhDy6sMP+1SKx4yfJGrUPtYrn9XTxapdVo5kdG1UuPiPC80exJzmpYeoaSiCCVD/ACk/Sk5S3D7ZDQS3lyImm0rpySBv6fej3PDbSOAtEhWRBnVndvjQ7CJhM9y/KGGFHt3o084GRnejM9C3T8gNjKqyrknB9cZp4bqNG3mwun8tVZgVbUikHP4QdvfH2ozXMgGkHSe+k/apPjZZcqzsNdTIzSMGOnoPekww8pdmOx2wakMHmyGdgudgBkn51H8JhcpGobDHAB3ppjO2Tu/LpD7hst7IoVTye/rUXihRLpFGC5YZx0pm1xFYWhMmASNgDvVdaQz3BlOwHQUJWspb8Vgx8TI61WKfxtkUgqrOYvOrFQ2YM0oxlmYLj/FSCadWghl8jE9rbkOYkY+GMkERg7/M/U1rWjRXixBNI0aHX1G1YtQhDGTBz3FOlePwLnNtbtmabrGNvYfCpjmFXOLS13IP8Id5D+vgKWk2GaS+FOvIxFmSI8vqDS6W5lkARep22q6WDrFbh0hiBDSr+Abgo3/lFIgaIAWlqmVl3WFcjDjp8aybzsFZvRV7W0fTzFVA6kmj/u4OYbv0GafccZJ+H3krQwhzCgyEwchm3z1zUqHwZb6BGtLbSXOR4Q3wJj/sD6Cg039GmlPw5/fXDXNwfyrsKxFsKvfBikP7P8NkWCAySxtrYoMnmkyP12FEjMAihAsbPeL+kPzIPv8AU0y6Eb16UmI0kq5cc0GW0KRRR5t1OI0CjqaptEB//9k=', '300 EUR', NULL, 'ebay_de', 2, 0, NULL, '2022-10-12 11:30:39'),
(202123224, 5589450531, NULL, 'Wahoo Kickr Smart', 'Weiherstück 1a, 36145 Hofbieber', 'Marco Olson', 'data:image/jpeg;base64,/9j/4AAQSkZJRgABAQEAeAB4AAD/2wBDAA4KCw0LCQ4NDA0QDw4RFiQXFhQUFiwgIRokNC43NjMuMjI6QVNGOj1OPjIySGJJTlZYXV5dOEVmbWVabFNbXVn/2wBDAQ8QEBYTFioXFypZOzI7WVlZWVlZWVlZWVlZWVlZWVlZWVlZWVlZWVlZWVlZWVlZWVlZWVlZWVlZWVlZWVlZWVn/wAARCABaAEgDASIAAhEBAxEB/8QAGwAAAgMBAQEAAAAAAAAAAAAABAUAAgMGAQf/xAAuEAACAQMDAgQGAgMBAAAAAAABAgMABBEFEiExURNBYXEiMoGRscEGFFKh8fD/xAAYAQADAQEAAAAAAAAAAAAAAAABAgMABP/EACMRAAICAgIBBAMAAAAAAAAAAAABAhEDEiExBBMiUYEUQVL/2gAMAwEAAhEDEQA/ABmsoGLKNoYD7Utk0+4B+T7V6bl49zJukXdgkg/COxNMbfUogqIySZxxgZzQi0+xWLrK2niulYoB6s2BT+N1MQMiFW7D4vxmvLe8trkoqEkuCVypGcdavN/TiUNK0Y3dB1J9hVVGxdj1ANxx0+1WjQlqpbz2zRhgyx8Zw52mtFu7RBua4i+jA/ijobYY2sfxCmSIOp8qU2+qWIZR44yTjlSB+KdEhbRnH+PBrao2wkm+J2buc1KkxCIzHooJqUj4HEmj6da3FsVlndyx3RlDjj7UfJoFm8gfxLgMBt4cD9Up0a6ikurhA5XC+Iu3kDB5/IroZXiaAicrscc/FgEe9SS9u1Duk6A10GyjI2vcA7SOJBz3PSlGtRWOkeCI5LlZHzj5WAUenGOtOoTp8UwEPh+IQcEPk+tA6toq6pdrPJcPGFQIFUDuT+6Kk0CkJbC2tdSju3S4kT+rEGAlQHdzgDg98VrDbADgVvJplto8TOs0reKQjBiACOvkPShzdlVP9dTJ3A5x9qrF32K1RS9lEZVF5IPNfRtph0W2RvmKKD9q+YafFPd6lF46OqPKFyykADNfUdRkVhEqnIANMvknLtIRaozLalV6uQvXFShtXuYo5443kVSF3YJ7/wDDUqUqsrG6LafaLDeowhAHI49q3urWG5wJFztzjPBGeCKkbzJKj7BhWB5Nb6xcpDJHJEhYSrnrwP8A2a5fFneJp/pls8ayJiy4NrpqiZoWkfBxtTc2B15oD+M3MtzHctIWKhxgscnPOf1S/wDkE73gQYAIYLkHgdeKwtrlUiEERk2jqB5n6VexKHf8gXxoI41jMrBslVUsRx2FIhDNa2zyIr27K3YqwzgCnOhSMpmOxgTgYI56mjr8Ry2rtcx7o0G454xjmubJ5DjLSisMVrY4yZpjMMzyMR1Jc5zXZ6PdRwaTbLNcru25+N+Rkk1y+l28N3fwbmLDJkkjCnAVckjP0xTrTYkn0yGR0TJB6jsSKtOTxpMSKWRtCLXZ5bvV55I2zHkKuORgCpTqSxiyfhH2qVL8iynonVNYkrlVBPqTSrUVkjt40l5CtgH07U6a4XHzE0PK8Tc4yfeufHLS6HlHbs5htIN1IXWJhu65wo9+eaOt9DZV2tIka9oxn/Zpt4oC4ULWT36xNtc4OM/CpOB3oPNKXCCoJCm4e305ntbCM3F4eWHkvqx/VI9Q0TUTG1zLIZc8lCOV/wBkV09hoslqHWGQPK7FyxBGAfI8GsHuJHkNpKGclCpPQk9CMf8AKqt4cxQntlw2c/pMAe3uEjk2NMgiyRyOQT6HOKbRz3VokMLQI0QIjBjzkDuetJILa80u/Ia3kkj4JAXJIPQ+9dgsBA5+1Pnn9oGKP0wZynm5+1SiTbJ1IyalcZ0BDQPkAZfJwcHpW62agDOa0zggsVHrUM8a5y+fbmsA8Fsg6jP1pHrc72F/bSIypDMPDkYrnbz1FOGvIx0BNL9QWLUYfCmhDJnI5PWtBqLtmcW0btutLcPbSTF4wMqzsd6+Yx+KAl1Kd5Y3srYTRyNyz8Fc9T6iiDJIymN2xxkFeKFEOQApZo+vPAPnxTKX9cg0+Au4JuEeMSeESvwSIeQfP9VhbXzJCI710M65BKdGHeqpGqOG2DIGM5ycVo8CNyUBPel24oZR5s1NyjAbcHtUrEQ4HC4qUtj0gncSetegE1FrQdawChXvUCVtjirRgFuRQMDmJX4KBvcZq3gsR0xR7AADAx7Vg/DYHAx0FYFgpt/8nx9K8O2Mbc5+tVnY71GTj3r2L5c+dE1lWBY5AOKlaNUoWY//2Q==', '465 EUR', NULL, 'dhl_de', 2, 1, NULL, '2022-10-11 18:20:00'),
(202767125, 5324285788, NULL, 'Wunderschöner Daunenmantel der Marke Colmar zu verkaufen ❤️', '20146 Hamburg\nHallerstraße 1D', 'Dominik Schurr', 'data:image/jpeg;base64,/9j/4AAQSkZJRgABAQEAYABgAAD/2wBDAA4KCw0LCQ4NDA0QDw4RFiQXFhQUFiwgIRokNC43NjMuMjI6QVNGOj1OPjIySGJJTlZYXV5dOEVmbWVabFNbXVn/2wBDAQ8QEBYTFioXFypZOzI7WVlZWVlZWVlZWVlZWVlZWVlZWVlZWVlZWVlZWVlZWVlZWVlZWVlZWVlZWVlZWVlZWVn/wAARCABaAEMDASIAAhEBAxEB/8QAGwAAAgMBAQEAAAAAAAAAAAAABQYAAwQCBwH/xAA1EAACAQMDAgQEBAQHAAAAAAABAgMABBEFEiExQRMiUWEUcYGRBhUyoSNCwdE0UmKx4fDx/8QAGQEAAwEBAQAAAAAAAAAAAAAAAAECAwQF/8QAIhEAAgIDAAEEAwAAAAAAAAAAAAECERIhUUEDBBQiMTJh/9oADAMBAAIRAxEAPwAysbOfKpY+wr5JbT44ic/SjFvEIowvfuavyAMngUZIumL3w1zjAikB9hQy81KO0wHYgltuSOM0W/EOsNasLSESB3HmdF6e2e1ImqxXT+Er5xkZLMDj04HSs5S3SKSGCLUUa4EQZHZhuzGOgoiq3DbSu8oecheCPtSTYQ3UF+wiwz4GSO1OGgX++RbVmd92eSp8rdcdOlEZtMGrRq+KRPKVcEf6TUN7GP8AN9qIyRMDkc1FTcvmXBrtXuWcUvaRbsFm+jz0b7VKJm3UnJVftUqvksXxIhMCsWtGD8quEuJhCjoV3nsf61l1nXYdOBiTz3BHTGQvz/tSRqF7cXsqy3MxlQcFem36dq8yNvbO+TS0jPa6y6TNBIS6jo3qKJ2lnJdOsk0LySKm7yjr7/8AlAZBEEYBC5LZWQHBFHNIvrrT0jaSbah8uD1UHvj0okuBFnNyyQ3b7F2TAAFWIU7ev9awyavHCRBArl8+aQdh3xWrWjc3NxNMjmQTuFwoxuKjGf2oZICkaQzQKhTncAd2M8046FJnpVjeQX1orwE4AAIbqvzq8NjryK84FxM8xeNnRCeADj5f7UzaVrTEhLoF4hx4o65/rTuh2mMwTIzUqyJ4njVo3VkI4IPWpRmh4nm00rtM91I24O/LHp68/ehl/JJMJGt0Pw6kK7Z6knpW21jlvJfhIgSjngenz+lGtcslsLG102yQtMz+K7nrwMZ+5/aoyp0LG1YBjWSWOONY1jXqBgD9zWk2JCs8k8Rfb0ZgTiuYrUvKPGlVNo8zOa0PbWrxsqXiF8cDpVOSRKTKF064lCzQs6nHUN71y0d1HMVkHjM4wCw3V1b2NzK8oYsVViFJbAxVklg8JEh8NgOu1uaNeWgMkXxIeVUtiyKAWVf1IPUA9a0S3iPbqlvkBm83PbvRDQpLi11JDIjGCb+GSeSvp+9FdX0C3unMsWYLj1XgMfcd6iUknsuMbWgJC86wqEuCigY2g9KlZHtb+3cxCB22nqnINSiwoddH02LT7bxXRVmYbpG9KTtQub3UL17lvESJjhAOML2px/El1Jb6aY4E3yTeT5Dv/b60nMbqVS80rRbR5QowKj07/YqfDm006aVS5AUE9W4q640wrbOwlRmAyAtcNZXEzZUyOD3Oash064jmVmZl5zya1cn0zpcB9p415J4bEkjgLnFbxpkpHAXuOtfYBJeGYQKsYBBDKuCT14/aufyu6zzvPvmjLmhY9KEs7tJBs3JIhwSDinfRr2W9stt3/iIuH44YdmpQe1n8TwmkdSg3Kck5NbdHOoWd6jvIWiJ2uG54qZ/ZbLh9WNhiGf0qfcrUq76D71Kwo3Fn8U6sbS9SFIyxVQTxxzQSPVY7lstA0ZHUjjP1OKLXN5b3NzKXVWO49R2zVaSQ+OmQqjB8pAAPy9auNJfgxe2DZNelDYgiAQcDiqZddunXaVKj2Wickdg0zbgF5zx0x3+o612kGn4yWU4qrjwWwDFeTWjAknLDoB3rSuuXnUAn5iikAsA8gaTxMnPP8tdyQaeVOHVR0JoteUFMH/nBnA3QEyr6EDPt/wAVn/Ob1ps+FjHGwiirizSAxwHk8Fs/971Yk0Cwo8uwnsaLXAp9CthrStYwmeJ0k24IwTUoOdStgThjj2qVOP8AC8gI9vqEEuRFkg/y81dczXEkbbLZ0lAG/Ayfn8v7UfkJFlI2TkKcGsWicQt7vz9hTy8k0LINxnOTmrFt7yQDaM9utNskUfiE7F5z2qi4AWCNlADbxyOtVmLEWks7xS+FJx+o54HPrUaG6XhhyO1FNNZjNGCxIwvGflR6VEPVV4HpQ50wURNh+KEgCIxPoK1T215dACJFVEOCobJBpmiRVViqgHb1AoPbMwnlwx/Ue/uaMgoHjRr4jPl+9Sj5Zs/qP3qUs2GKP//Z', '350 EUR', NULL, 'ebay_de', 2, 1, NULL, '2022-10-08 11:17:40'),
(207095450, 1568427425, 'https://es.wallapop.com/item/portatil-hp-832302860', 'Portátil HP', 'Everett, 240 Delapaz Carretera', 'Jorge León', 'https://cdn.wallapop.com/images/10420/dr/j4/__/c10420p832302860/i2894218768.jpg?pictureSize=W320', '300 EUR', NULL, 'wallapop_es', 2, 1, NULL, '2022-10-02 00:43:55'),
(207148577, 5792568203, NULL, 'ZOSI 4K Überwachungskamera Set Aussen mit 8 Kameras und Basis', 'Karl-Marx-Straße 74, 18057 Rostock', 'Timon Dutkiewicz', 'data:image/jpeg;base64,/9j/4AAQSkZJRgABAQEAYABgAAD/2wBDAA4KCw0LCQ4NDA0QDw4RFiQXFhQUFiwgIRokNC43NjMuMjI6QVNGOj1OPjIySGJJTlZYXV5dOEVmbWVabFNbXVn/2wBDAQ8QEBYTFioXFypZOzI7WVlZWVlZWVlZWVlZWVlZWVlZWVlZWVlZWVlZWVlZWVlZWVlZWVlZWVlZWVlZWVlZWVn/wAARCABDAFoDASIAAhEBAxEB/8QAGwAAAgMBAQEAAAAAAAAAAAAAAwQAAgUBBgf/xAA6EAABAwMCAgcEBgsAAAAAAAABAAIDBBEhEjEFURMiQWFxgZEUMlLBBkKCobHRFSMlM2JjcpLh8PH/xAAYAQADAQEAAAAAAAAAAAAAAAAAAgMBBP/EAB4RAAIDAAIDAQAAAAAAAAAAAAABAgMRIVESMkEx/9oADAMBAAIRAxEAPwDpiNrtcD3HBQXamGxBCfaGPGVx0fVsCC3kVyHZyhDVdcIRnRgHIsrMpXSOwbBCiY5YKuaD4obYZCeoC/uAutym4bFYvkN2gXJccAIJ4qyTW3hsUbo2YM8vun+kDJT+HZN2dGe2GVuTFIz7JVgbH3QTzG6NPLxf2P2ptQxrLF4tEBhIR8Zlmdpq6Zk/8yMaJB8j4YR4dArOxkuAN7Fru8bq4s8Xb5jtV+qY2vjd0kTtnW9QR2EclGloIOgY7RhTawsnpBcBWurWBdjqk5sRuufZd6rADADayhaQESNpxY3Ukbja3gt0bCsEXTPAAudhdOSRtZI2Bvi480fgrGGQl52YSPVJTTgVdS+/ukgeSvFYjkm9ZjfSziJb0fDYX6Q5uuax3HY35+i8/FPJCLMk0t8cInFyZONV5d9WZ0Y8G9UfgkwC0tdu0OGPNOIb9NxOqfRtoY2vljsQQ1uom+/ZtlVpa+ko5nRVNK+KVovve6Rkrpog5ocWtO+nCzax5M7HbnSQsQHpBxuJ1cCIxHDJZsnfyd4j8LhahYA4g4Iwvn3tDhKABfu5r6DDqfTwPO7omE+OkX+9TsX0tU84L6DbYEKmjvd6o2bi23ar4UiwGN4uACPC2PNHc92kksJFtx1h+YWXT1DWOB0Nv3grQZUh+ej82uF0pQZ4fUiOWPI0vBjJHO+Fl1MmmpnbzJXZJD0zonag1+WEi1igTF5mEjhvhx71dS1HLKGSMXjA/aMjrEdLaUHnqFz99ws6U/qj8QyF6av4e6tpgIv38VzGPjB3b8x335rzTgQS1zSCDYgixBT6TaG3GN4DjpN9rpapiMjC9owwHUTyTnBaF/EawU7ZNDQ0vJAzYJbi9DLS1jqYOMmxbm+EatwzGJUUJfMHd6+itjMMMcYz0bGsPiAAVi8D4M6np21lQ3DTdjT9Z35Dt8LLUbN8QIKSb+FK47yGLhpyPIIPTt+F/wDaiizsg3XNHckK4Y0R0nl5p2IX/wAgFBjyRfKdhYD2eiQqik0GthHzIS0dQYjoqGuIGz7X9VsMhaQMnwVZuHtlHYShSwJR0WhdTOFmTRt/hcbf8V6jhMHEQHSxl7hgSxEavM5B80vJwl+rBuFeLh/Q9Y2HeMKqmRdQKD6LTQTiWCrfHb6xisR56gtH9GUVAfaqlz6yd+fG3+81KSkdUSapHOEEeTqymJ2tmeSWjSBZouRYJnPEIq9YtLUNqX6nuLCBYAiwAXBDqbcEOHMZRRTMHu3HcesEGSkcHAx6GO7nW/FRfJ0JYc9nGrBA81f2c8/vXYxMJWsqLtadjgj1RDFLfLjdGg0YbN0/Te8oosGQ+33UZnuqKJByO3QH5kAO3JRROhH+GhWjomxxs6rNN7DmlQMKKKlnsSr9UTtVhsooplSWBabgKlhyUUWGM//Z', '629 EUR', NULL, 'ebay_de', 2, 0, NULL, '2022-10-12 18:18:55'),
(208407200, 1568427425, NULL, 'вфывфы', 'Bell Gardens, 5532 Zimmer Mills', 'Elaine Kock', NULL, '12321 EUR', NULL, 'ebay_de', 2, 0, NULL, '2022-10-02 00:44:50'),
(208618165, 5324285788, NULL, 'Grünes Abendkleid Schulterfrei auffällig Glitzer mit Spitze', '19288 Ludwigslust\nDGM. - Brandenburg-Straße 13', 'Diana Brinkmann', 'data:image/jpeg;base64,/9j/4AAQSkZJRgABAQEAYABgAAD/2wBDAA4KCw0LCQ4NDA0QDw4RFiQXFhQUFiwgIRokNC43NjMuMjI6QVNGOj1OPjIySGJJTlZYXV5dOEVmbWVabFNbXVn/2wBDAQ8QEBYTFioXFypZOzI7WVlZWVlZWVlZWVlZWVlZWVlZWVlZWVlZWVlZWVlZWVlZWVlZWVlZWVlZWVlZWVlZWVn/wAARCABaAD0DASIAAhEBAxEB/8QAGwAAAQUBAQAAAAAAAAAAAAAABgECAwQFAAf/xAAyEAABBAEDAQUGBQUAAAAAAAABAAIDEQQFITESEyJBUXEGMmGBkbEUIyRCoTNygpLB/8QAGAEAAwEBAAAAAAAAAAAAAAAAAAIDAQT/xAAfEQACAgICAwEAAAAAAAAAAAAAAQIREiExMhMiQSP/2gAMAwEAAhEDEQA/AMb2mym5WtzlptsdRj5c/wA2shK4kmybJSAbjwQDCzQpcd2IGR9wsFyWfePmr02uYMOzpDM4eDBaDmgBpDX7Ebp7WgCmkknyU3BN2xvM0qRuTa3IZhMIWMhaQC3lxB+KxtQnGTqcskZtpNN9KRVpen4mRpUbi0l5ZT7Pjvf3+yDsqP8AD5c0bbpjyAtjV6Gllim2W9ZyhPkMgioY+M0RRgcGuT8yqFJAutOTGFTYkbZMmNrvdu3eg5UKs47S1vaUT4LAbrZO6BhmDInd1x2vkJjmiJ5aW2AashPxS1lSPPeG9eacAZYnuG7WSAn57LSN7Nf2XzOnLkxR7rx1D1CztaxCyefI/a6UNH0s/wDPqr/sxF+tdNXERF/MJPaXKx5sTGZC9jniR7nhp8dhuprsdV/mgc8EgSlIqExALKIfwTDiF7O4Y2jq6f3eqwYIzNPHG0gF7gAVswSNxoZ8OWQNka7fb39xRSSvVFI000ytGxpF70nxNpsoY4Na8btI5UojFCwucOigPFUOGzW0wDH0ueVu7gK2+AQjZJJPJRdj5sOJpzu1LRdmvNCcj2ule5o6QSSB5KceWdrrCIxIRXKlgLROwv8AdBBK18mTCkc1zzHdcrW6ZsYZK7K7MJ+FrIZy1neafMKCcGfVpOvkk/ZGckbe16yBfFoSyX3reS67q/4CEJLgsh9kLpC3to/KjarNfunSvvoTnLRow4kOXOA8EuYA4Dw53Q0eUS6XKG5QLiBbCLKGzyl+nRDqhCkTk0rRj0fKZyRwUEZcbotTyOrhwJHpSO5PzIkK67DThKOQCClQT4Mlr057rA9VA1yUu2CYlRchd1vAN8eBpZx2JVuB57RtUocpnZ5L23Yu/rus+lYr1IrSLlPDB2gJJoIAPg+lmavCJIH/ABFJ/Udtz9UpJcKcbHxSDtAWARYPIXE7BFkmLj9RPYRX/YFC7Fx6H5EX+gT2JiDsTumRhPAIS5UglyHOAA8PVacsMYcKjYP8QqvZs6Sehv0QCKNKaMOEYIaHAlNkADthSuY39EeqAP/Z', '207 EUR', NULL, 'ebay_de', 2, 1, NULL, '2022-10-04 17:42:14'),
(211996509, 5324285788, NULL, 'Mufflon Mantel Rika', '20146 Hamburg\nHallerstraße 1D', 'Dominik Schurr', 'data:image/jpeg;base64,/9j/4AAQSkZJRgABAQEAYABgAAD/2wBDAA4KCw0LCQ4NDA0QDw4RFiQXFhQUFiwgIRokNC43NjMuMjI6QVNGOj1OPjIySGJJTlZYXV5dOEVmbWVabFNbXVn/2wBDAQ8QEBYTFioXFypZOzI7WVlZWVlZWVlZWVlZWVlZWVlZWVlZWVlZWVlZWVlZWVlZWVlZWVlZWVlZWVlZWVlZWVn/wAARCABaADADASIAAhEBAxEB/8QAGwAAAgIDAQAAAAAAAAAAAAAAAwcCBgABBQT/xAA4EAACAQMBBAcECAcAAAAAAAABAgMABBEFBhIhMQcTIkFhcZEygaHBFBVRcpKisdEjNEJSY8Lh/8QAGAEAAwEBAAAAAAAAAAAAAAAAAAEDBAL/xAAfEQACAgEEAwAAAAAAAAAAAAAAAQIRAxIhMUETUWH/2gAMAwEAAhEDEQA/ABnZLVLUxSSmxUI3DrH4MfsPDjWR7PXvVqBNaEZCfzAwT3D2aZUkaSruyIrrzwwyKibaDIJhjyOR3RwoAXMuy2rrOT11qjYHBphnHp4UOTZXVnHbntGB/wAv/PA1d7rXtDgfdnv7QuOGAwcj0zit2+s6HcYWK9sjnACllUnwwaB0/RRn2Q1IRqjSWSgdoHrcEj0qR2M1aQlwbTD/ANsnD3cKZXURYUdWmF5DdHCpBFUABQAOQA5UCJVS+kbWDaaWthbzbk9ycSbvMR9/rw+NWnVL1dO025u35QoWAPee4euKSV3cy3tzJPcOXlkO8zHvNBbFDVueIZWXcAOMcKnglW55AqM8TOAVHaFTQ7keMZb4Ui6bTaYzejfVpb7SpbO4cu9qRuE89w8h7sGrpSF0zULjSdRgvIG3XQ+yOAZe9T4GnrbTpc20U8RzHKgdT4EZFMzZI07K10h3XU7PdSOdxKqnyHa/UClbir/0mS9nT4vvsfgB86oxgxYx3A/rleP8IU/7UjTh2igSAGRQeIJobUQHtChMe0KCnYN+LLTb6P7/AOmbOpCx/iWrGM+K8x+uPdSxNmTpq3ozgTGJvwgj51bOjO86rVLqzJ7M0Ycean9ifSgjkVxbN9JUh+t7ZO5bfPqx/auReRrFsho3LfmknlPqB8hXr6RpN7aEjPsQov6n50HaJPo+n6FbYAK2KyEeLEk0DhxFHBUdoedAf50deLDzoDczQVfJZtKSKfYXWA/tQTxyr4E4X96jsIrnau0K8grlvLcPzxXEs76WKwu7NTiO4eNnP3d7h8QfdVz6NbEyXl3fsOzGnVJ5nifgB60EpbQbZxNvn39p7wA53dwfkFH22ymtJBnhBbxxgfZwz86vl7sno9/fNd3FuzSu282JGAY+WaXu2r721V94FR+QUCxyUmq6RxAcEV53OM0XNBflQWZOJSE5ZLd1OvZvTRpWh21sVxJu78v3zxPpy91Lvo80+1v9WlFyhdrdVmj7RGCGHrTZoRlzS4iZSe2rtbtdfvppbaZEaUlWZDhl7iDypwVlM4hPQ7EJGhllVAQCxABNAwScAU/ZbaCcgzQRSEci6A4qccaRLuxoqL9ijApUU8/wWvRva3cGtTTPazLA8BTrGUhQcqRxPlTNrVRB40yMpanZ/9k=', '330 EUR', NULL, 'ebay_de', 2, 1, NULL, '2022-10-07 13:58:21'),
(212716669, 5563360146, NULL, 'Palm Angels Oversizes-Hoodie', 'Blumenstraße 35,\n49716 Meppen', 'Aneli Uljev', 'data:image/jpeg;base64,/9j/4AAQSkZJRgABAQEAYABgAAD/2wBDAA4KCw0LCQ4NDA0QDw4RFiQXFhQUFiwgIRokNC43NjMuMjI6QVNGOj1OPjIySGJJTlZYXV5dOEVmbWVabFNbXVn/2wBDAQ8QEBYTFioXFypZOzI7WVlZWVlZWVlZWVlZWVlZWVlZWVlZWVlZWVlZWVlZWVlZWVlZWVlZWVlZWVlZWVlZWVn/wAARCABaAEMDASIAAhEBAxEB/8QAGwAAAgMBAQEAAAAAAAAAAAAABQYAAwQCAQf/xAA7EAACAQMDAQQGBgkFAAAAAAABAgMABBEFEiExE0FRkQYiYXGBoRRCscHh8BUkJTIzUmJyoiM0U9Hx/8QAGAEBAQEBAQAAAAAAAAAAAAAAAgMBBAD/xAAcEQACAwEBAQEAAAAAAAAAAAAAAQIRMSEDEkH/2gAMAwEAAhEDEQA/AGVHz1OauU1jjNS4vFtkBI3Megot0OrNks8cEZeRsKKzW+pxz5GNh7jnOaA3ztf4Mh/d6AdBVFik0NzIqStt7NuH5BOOOak53g/il0ZpLrsw4Qgsqljk9BnH317baiGYLL1Pf4UHty7m5D4LLEvx9YZroAjqfgKLkxKKGQMrDKkEeIrlqAJNJGco7L7jROxumuYiW5ZTjPjTjOwOFGg9alSpTAC3l7OMnvoVcTFpEJOSzhflmtF3LyFodcuEa1YngvuPlQ9HwpBdLYSWuJEHIViK12sDm93BCUMbAnuzg4rFog7aF52H8R2PwzRa3cyyW7E4y5GB3cVJaUbK4gUmuQwIPZKP8vwrljirpSVkdScnKhT4gk1xLEomaORwGxnYDzisZ5HKkGGRj0CZqr0YuS5mjJ78iq4XzocrA5Ko6Z9xrB6Ozdnerzw3FbHh5q0OpPNSvKlXICpK5ZmNYNYfbDajvZM/IVqc8UP1ht93ZR/0qPOh6ahw/Q9YQ9hp8canDhR51LaQ293bx7c7mZzk9OD+fjVuN0cg7gtY4sJqVtkZCjkD21FSKtGoz/tdH3BhvTABz0z/AN1ZMe2upXTkFeeeQR3AeFBBdw/pIMF2MzqAN2c0SE3Z3jYPV+PjWt0YkV6aDJpN5F0J3gZHTK/jQXSpNk8Df1Cjmmf6GpXduehlJFL8aG2mCZ5jkK+RrE9NPoanKg+ypVFu+YEPiKlVU1RNxFRX3xq2eoBrKQJ9ctgeQsYP+P413atusoj4KBVMDdnrUhb6kar8lFL0DAYrVi0BPezBfnz99Yby4NrdtKq7tgHHsx+NEbRNqIvfuZ/z50O1hlTcQAGKkGuVaXAIbdeQzH6pzjxozFIJdRjwTjtAMUEzjb7qI6Xn6XCT/wAi1RoKC10DDr5I73B8xQbVhs1i5jHfLu8+fvpi1CP9uw+DqPkaWNWfOpxSde0jVj5kfdRiJjnAxECe6pVVs2beM+ypQPCtpvrWiqOu4j5/jVH7/pA4HQyfZ/5WvSFH0l4/5Zvz9lZoVMfpAB4uRXVN9IwXBuh9XaccEYpd11j2+0mmBTsXJPFK+tXEct6eyYOB3jpXPHSzwwZ9ZB7aIac4+nRc/XX7aHIwJHsNEdDjM2rQLjgNuPwqrwFjTqAxqcb9yxs3lSTfuWntvYmPmad9ZOy3lm8Iio95OKRbrm6QfygChDRPB0sW3WUJz9UVKp04/qEP9tSpiAmmFl1Njg+uqP8AnzouunW4uXnOe0J3ZJ6VygAuosAD9VP2iuronxrqnG2QjKkVdrIxYM+4EYqs2sTDHZr5V6lXL0pfKMtg66soxE5jiAcDIwKs9EkZ795O5Fra1W6CoW8vMADkdPdQnxCjpd6SOw0xtoJw2TjwpJzumBPU8mnnWObSYHkdk32Uip/FPuoxXBN9obtPOLGH+2pXFj/s4vdUqLGf/9k=', '306 EUR', NULL, 'ebay_de', 2, 1, NULL, '2022-10-11 14:11:15');
INSERT INTO `Ads` (`id`, `userId`, `adLink`, `title`, `address`, `name`, `photo`, `price`, `phone`, `serviceCode`, `version`, `balanceChecker`, `writeId`, `createdAt`) VALUES
(213365061, 5324285788, NULL, 'Original Moncler Jacke Mantel Parka Gr. 2 Neombre Giubbotto', '19288 Ludwigslust\nDGM. - Brandenburg-Straße 13', 'Diana Brinkmann', 'data:image/jpeg;base64,/9j/4AAQSkZJRgABAQEAYABgAAD/2wBDAA4KCw0LCQ4NDA0QDw4RFiQXFhQUFiwgIRokNC43NjMuMjI6QVNGOj1OPjIySGJJTlZYXV5dOEVmbWVabFNbXVn/2wBDAQ8QEBYTFioXFypZOzI7WVlZWVlZWVlZWVlZWVlZWVlZWVlZWVlZWVlZWVlZWVlZWVlZWVlZWVlZWVlZWVlZWVn/wAARCABaAEMDASIAAhEBAxEB/8QAGwAAAQUBAQAAAAAAAAAAAAAABAACAwYHBQH/xAA2EAACAQMCAwUGAgsAAAAAAAABAgADBBEFIQYSMRMiQVFhMnGBkaGxUsEVIyUzQnKCkqKy0f/EABgBAAMBAQAAAAAAAAAAAAAAAAABAgME/8QAGxEBAQADAQEBAAAAAAAAAAAAAAECAxIREzH/2gAMAwEAAhEDEQA/ANJiinI4mur+00mo+mUWq1ycZUcxQeePGATarren6QoN7cKjsMrTG7N8JFpfEOnaq3JbVsVT0p1Bhj7vOZlpde0W4urzVke+cKAocn2z5/IwCtqbi9SvQFK2KHmUURiAbjI3qhZy9H1gano1C6yOdhioB4MOsdUrEmKgcbiMNaA9r5xwqjziPwV2pig/P6xQDrSv8Ua7U0lKdK2VTWqKW5m/gA9PM/lLBM04xuHfXLgNuE5UT3YB+5Moleuri4rLVV3BFZlZ1AABIyAfkTOcLdepE6DEp2R2z4Hr4wOpU8vGMCbLU7nTaytbVGVQQSme63oRNOp1VrUUqoco6hgfQzJbe4FKsKj0lqhT7LdDNF4YrGpoVqW8Ay/AMcSacdeegT0YjgJCnm8UfiKBu1Mi4prmprmob/u65HwwB95rsxPUahr69qTE916r5P8AUZpGaKo2dvwpkQNzhUz6mTO4XBBBPL18DvB6wJYY6AARhGu6OZo/C45dAtfUMf8AIymX1rQpaNp1xQ3NZHFU5351bx+BEtvCNTn0GmPwOy/XP5yacWJDtJRB0MnB3kLPiizFAOuzBVLHoBkzEaw5KFSowy1V/H1OZsl3WzY3LFSvLTY7+4zHL1z3OXGEOw6y4zoesg5FUdMAD7yDOR8IRXO7gbYwR8IL47ecoPe3YW7W5PcLBwPI4wfy+UuXBL/s64TPs1c/MD/kpLDHKfWW7gdspfJ/I33k38Ofq3K0mRt4MuxkqmZtBWYpGG2igBmtPyaLfMD0oP8A6mZAx7QDHhiXnV7qsNIul7VipQjBMolsAyNzEgA7x6s+56WzDi+Iaxw7Z3wfp4wYnDEQi4BB5j5n5GCNs2fhNGZ7708ekunA9jWp2da8LIadfuKAe8CpOcykE7TWOEtPaz4dt1qEdpVzVK56Z6fTEnJUSEFTHjMmr0iGG208CekzWbzGKP5YoG4mqW73Vk9KmQGODv0OPCUqtRr2aur0XVy5xkfWaA/SOoAHmyAdvGc+jZZeW+/XLOmbVVrdkTWpshZQQCMbDYfaBMMiXTi5FC0WCjOCM490qNEA3FMEAgsNjO1xi9L0p7llrVu7QB6Ebv7pcql/Xo1MUa7cmMqM5AHlH6oipe1ERQqrsFAwAJzm6zjzztrswwkjoJrNwrAtyt9IbS15CP1iMPkZXj1nsXeR3DGrP+mLU/h/tMUrUUf0pfKP/9k=', '325 EUR', NULL, 'ebay_de', 2, 1, NULL, '2022-10-04 16:35:11'),
(217340141, 5563360146, NULL, 'SPORTALM Tweed Strickmantel Pullover Jäckchen', 'Blumenstraße 35,\n49716 Meppen', 'Aneli Uljev', 'data:image/jpeg;base64,/9j/4AAQSkZJRgABAQEAYABgAAD/2wBDAA4KCw0LCQ4NDA0QDw4RFiQXFhQUFiwgIRokNC43NjMuMjI6QVNGOj1OPjIySGJJTlZYXV5dOEVmbWVabFNbXVn/2wBDAQ8QEBYTFioXFypZOzI7WVlZWVlZWVlZWVlZWVlZWVlZWVlZWVlZWVlZWVlZWVlZWVlZWVlZWVlZWVlZWVlZWVn/wAARCABaAEMDASIAAhEBAxEB/8QAGwAAAgMBAQEAAAAAAAAAAAAABQYAAwQCBwH/xAA5EAACAQMCAgYIBAUFAAAAAAABAgMABBEFIRIxEzJBUZGhIkJhcYGxweEGFCPwMzRictEkNVKC8f/EABcBAQEBAQAAAAAAAAAAAAAAAAEAAgP/xAAXEQEBAQEAAAAAAAAAAAAAAAAAAREC/9oADAMBAAIRAxEAPwD0aX+E+O40JCYnI7FUDxP2orN/CPt2rCq8Urn+oDwH3osMAdTvbmPVOihdhGuOJR50l61ZzWt408UDTW5bpNhkb9h+NMmqzH83MR1pJOH4ZH0rkjjeaJcb+jvWNytZsAbS61m51Bbp55bUxesxxwjuC+Hsrdc6hE7vHGGdiSWX1mzzJPZ7q4ltLiYYRnVsnjbswCc+fzruC1it7ZeAfqTPwg+ztotMimKxnQqzZRG5b5xR7T7Ikjikfyodqsv6qAEgKdhsPvRXSpjIm/MVIYSxXhH6j+VSro2PAKlCE5j6IHeaHyTCC1eY49ZvE4HyrbdNwqD3AmgGrT8EUFuMZIBYH3Zrq5lq9YyanGpPaPnV1k3SSzyHlxg/CsanivnlIOAGI+AP1rbpaBrKUn1iF8eflXPp0i6U9Dp7lhh+r8TufmKyJlboEdW2jxn+o/vyrXesHMCt1d5G93P/ABQ6NyLMuXBa4YscAnnkdn73ohqmZwxBfh4iT6Odx50a0XqGl25teC5RsMcDlTHoYyhrVZhjjB6NdqlXpLHCio3MDepUlt7uGH9OPGlDX7sLfO2T6OVA7KbL1+HLdzDy3+leaa1dccsucMNzkGtMtFqCVkPMLb58d/rW6yJj0pSBkksw+G31qoQ9BaToCC7rwjHsPLyFaolENpErYwIwT/2O/kK5ujJqswhhuCOYQRDPt3PyquCEpb2kbcQKoCc4HOqtWHE9tCebkyyezP2FEEKzW8coAXMakA47hTyKE3jlrnmCDt1+Kmb8Oxghc9pzSs4IlwxOSfhThoEf+mJ7wFHx+2a0BxUVlDMMlt6ld5qUAP8AxBdflNMmlwWwpHjt9a82hlju9QgjySGkHFkdg5+VepXlpDfKYLheOMgZGfj9KSxptqmuSdDGsaJIVThp1Yuu8cdsi+uWY/HarrrAZgeoh3B7lX/NcOFfV4416keE+AqjUpOi05pCctOcL7icn6eFYbDHka5ubiU5JWIge87URuAbe3ggkXikCKuGBOTjxrBYIHWZCCeIKu3Pc1pvpEkvCgEjKh7OytQVikUrc44QANhjP1p70aIJZRe0cX0HyPjSHCpmvAqZJd8DPea9HgQRxhV6o9Ee4bUsrs1K6HCBhudSpIGAMjnkCT4D/wBpKtJOkvQ3ashLH2gZNN1w3Dp8zd6nzP3pS4FghndAQc8A953Jopj5aHM9xOexTj3nYfOsX4hl47yOBepCoH+aKW0YhhjV9meQMRnsHpfSl+Qme5lkJ3Zqy07tpY7ZTJLxFOkBYDfZa4j1O2kMjl2EhO3EMef7519ubdZIDGuELbkgcz+xWNNEuS8KRoZFlIwQK1Gboz+Ho/zGpwyDJWMGTJ9nLzxT4qgBV7BtQew01bK5AU7kDwH3xRS5l6C1llPqrt76UD3moTfm5ei6gOBUr7b2ZeBWPM71KEKaoej08L/yIHgPtQvTtPS+hYOxX0iwI99EtZ/lo/7jXOgfyo/tFCB9Us5rBJ5ZWVlKcEZHtx+/jSxBnh4scyTT3+JwDaQAjIMozSxq0aRalKkaKijGFUYA2FRjGwPRs+MnGwpx0SHFnECNwo+VLNuAWQEAinLTRiMUxVYEBuJH7sLWDWXJWC3XnI3EfcP2KIR9Rv7m+Zobef73F7Ix9ag3RpwRqoAwB3VKlSoP/9k=', '227 EUR', NULL, 'ebay_de', 2, 1, NULL, '2022-10-11 15:09:20'),
(217371283, 1568427425, NULL, 'wqeqwe', 'Charleston, 1379 Alizadeh Coves', 'Rebecca Buchrucker', NULL, '2000 EUR', NULL, 'dhl_de', 2, 0, NULL, '2022-08-05 22:31:43'),
(217391457, 1474453721, NULL, 'EUROM AC 2401 Klimagerät', 'Köttingsbachstr 15\n57537 Wissen', 'Sebastian Held', 'data:image/jpeg;base64,/9j/4AAQSkZJRgABAQEAkACQAAD/2wBDAA4KCw0LCQ4NDA0QDw4RFiQXFhQUFiwgIRokNC43NjMuMjI6QVNGOj1OPjIySGJJTlZYXV5dOEVmbWVabFNbXVn/2wBDAQ8QEBYTFioXFypZOzI7WVlZWVlZWVlZWVlZWVlZWVlZWVlZWVlZWVlZWVlZWVlZWVlZWVlZWVlZWVlZWVlZWVn/wAARCABaAEMDASIAAhEBAxEB/8QAGgAAAgMBAQAAAAAAAAAAAAAAAwQABQYBAv/EADQQAAEEAAQDBgMHBQAAAAAAAAEAAgMRBAUSITFBURMiI2FxgTKSoQYUM3KR0eEVQkNSsf/EABgBAQEBAQEAAAAAAAAAAAAAAAIDAQAE/8QAIBEAAwACAgIDAQAAAAAAAAAAAAERAgMhMRJBBCIyUf/aAAwDAQACEQMRAD8ArA26VpHkONeA7s2gEbW8KvbRW+g3jafJeHTrWdp6dmXj0ZN2QZmxpdCyPWOFuCXdlH2jHCKL2cz91uO02IaLoWSTQHqUFmMa7+9n1Xrx1JEHnTEuyj7TH/G354/3RsuybPG4kuxkfh6TXiMO/sVtmSCQbbHoV02ueC6hlMpPhnwu0yN0nilnMV5m7blZ+VVT2KDxjg6Jlm6i9vc1riCCouh1BZZhm42d0Yl0027AtbGHW2NrS66FcFksje5uNJZRcWGlqI3ylzdQoHir/HxXjUdtbsOBz9Gh5B3JO9WaK6xgbFqo+l+Z8l0F1A2aPnXVeHz+C4BzS4bVqPVVZI7HMRKdBFct/RL4vN34WdsRiD3OFiivcWp0gs2AeRtLYxgOPYQO8Gfui3wauzs0z8TT5GBhqqu0rKAAT0RyTdFDkFuA6blQ7GKiOhuN+aiMQouhxVZTOyDHxvkcGsogk+i1kLHygzREPjeAW70sI08FuskfeU4f8pH1KejJr6i3Y+x6GIiDQ8N35FLuwW/4jq6akyXIbnqzIAjEIxxG6WOB7bGdtK7SxooDqjTl5Mejk7velFd0mrc/2Rf8EiuxZDJy0NLWtG1m/dCHwkniVzGv141w5CrXNWyl7EeS8A0okp5tMzgosooUbXt27wWlyrHPhwMTWyGiTQ0jbf8AlZBmy1mRvacuaCBYceS3UoxbHUWcuMxDHFpcD7IDswnv4vopJIDZSk0lVTvZXIDD8wl7MESd88RQSkubzMvxBxrgEvJPzCTc/fqi2KHubM5mya6a/Xvbv4Xn+sTV+Gz6pHFSeKKPJB7QnZefJu8FsUoNTY58speWtBPRRJk7qI0UI1abIAHZe+hbhIedcgsvqV3k8pbgZdLiPEHA+Srq/QM+i7kh2Pdb8xSsjIQ3fTf5kDEyyT4Og9zCHCi3n9Sqp0z9dEnfiFZskh6Z8AuhfoUt2kRPwJeeTY0eSXhf31MR3HOb94GnhpCBqUxZqcDo0f8AEIEqbRRMLqUQrKiMNp7IVtkkzI452vLeLTTjXVViDPw90sHyHNcGnkxMTm6XOia3yeEhNJhrsTM+YLOHgVGgHkFVsmi5dNhht2kZ8y4KNlwgN64/mVQGN/1H6I8cbNu439FNuDXITFSCXEucw6m7UR6LyAUYtAGwA9EM8UPKjkJSi5zUWGH/2Q==', '270 EUR', NULL, 'dhl_de', 2, 0, NULL, '2022-10-11 15:53:56'),
(218003181, 5324285788, NULL, 'Lammfelljacke Dacute', '22967 Tremsbüttel\nLasbeker Str. 22', 'Dominik Schurr', 'data:image/jpeg;base64,/9j/4AAQSkZJRgABAQEAYABgAAD/2wBDAA4KCw0LCQ4NDA0QDw4RFiQXFhQUFiwgIRokNC43NjMuMjI6QVNGOj1OPjIySGJJTlZYXV5dOEVmbWVabFNbXVn/2wBDAQ8QEBYTFioXFypZOzI7WVlZWVlZWVlZWVlZWVlZWVlZWVlZWVlZWVlZWVlZWVlZWVlZWVlZWVlZWVlZWVlZWVn/wAARCABaAEMDASIAAhEBAxEB/8QAGgAAAgMBAQAAAAAAAAAAAAAABAUAAwYCAf/EADQQAAEDAgMFBAoCAwAAAAAAAAEAAgMEEQUSIRMxQVFhBiKBwRQjMkJxkaGx4fE0UkNz8P/EABcBAQEBAQAAAAAAAAAAAAAAAAEAAgP/xAAYEQEAAwEAAAAAAAAAAAAAAAAAARFBMf/aAAwDAQACEQMRAD8A3pC4KtcEHiFQaenLm7/suZeyysjF3uDR1SevxmOjqGZ35Wt1Ite/IKoGWtqHlnf2YuNd54LNY3FUN0mY7aOdc8bpotRRdrIKiYxTwubE/QOvf5j9qgVToJst/Vk93nZZTCpZYXyCWnIZa+0Isfh1TeGcy3cdQNAql1popg8DVWb0hifJHq09bJhS1W0ARQGqKA6KIRu5KsVIfTTg7gyyavSbGniLD6l55LShn8OrnUlU0SE5HWLv+8UJ2mkkq6mZ2pbl7g6ftdVsRjfBfe6Jp8bKyHLUsbDMcuvddy/CSRYdEBDce+bnyTqjZezQLXchJ4H0VRs5G5eVtxHRMsMZnfmO5uY/VSX5gJ3N4ZCvKRxjeGniAVWf5DNbkxOcVbUjZVLRyaEKTQSaBRDNf3Qohlp3lZztfNssJLBvkcGrQuN3WWS7ZyB76WAG9jmI8QtQY4mPU5b6NlGoYLpfGLa7iE67QOy1kDDue21xwSlpvcEahRFVDG1+FStePWwN2jDx6hXUkIgwp0hGr2D6i/mqWMLcNrHgkExEBH4hZlAyNnKwHw3KJXTtz1I/0tb9ArsWBZWN6tCqwt+2r4ARlLxqORH6RfaIBtRA4cWKGB2S9wKIRr9Aohluv7HkFhMbkNTjbQDf1jGD5rb1DtnSSv6FYSAbbGaZzvfnDj8/wmGsO8c9fWthAzOjaXk8gLW+6VD202r7GokqW3zPbs7dLg+SVPFnZgpC3uLaCRo98tYfFE1pzyOcPYj0CDzB1OGk2vLGL+NvNEVcgZT23uJuVIDgjgcUohbc0/TS6YdpCQ6A7r5vJL8Ejy4lC7gInfdHdpHF4p7D+x8LhSwoDzbeVFWAbKIZbbG5hT4VKdxLSsjCx0VdG4tuYWtcQeen5Wg7TP2stLRt/wAjw0+JCCo6Y1b6ucDR0haPD9qakP6aZS4Fhb3idDfeuxT7XVot8Qi48Lc1xJRsVNkG5ViyY0U4MerS0StdYC/FET0jpnkl1m3vYBNcgC4c1IsFR0bIpG5Qe60i/S91MbAfUQiw0jv8z+EbHZokceDSha8NkrXAe7G0fdRwjMWqiabBqiAdz4fFLVCofmdI32bnRp5qUdI2kpxE0lwBJJPG6NcuEFWWrhw0VpVblJS4KlyucqXKCl+oI4HeqHRk1T5i498AZeGiIcqiouVF0opP/9k=', '360 EUR', NULL, 'ebay_de', 2, 1, NULL, '2022-10-06 14:25:02'),
(218809532, 1568427425, 'https://www.ebay-kleinanzeigen.de/s-anzeige/profi-bmx-subrosa-altus-20zoll-super-neuwertig-/2242456412-217-23414', 'Profi-BMX Subrosa Altus 20zoll SUPER NEUWERTIG!!', 'Lansing, 219 Winkelmann Lakes', 'Nils Schupp', 'https://img.ebay-kleinanzeigen.de/api/v1/prod-ads/images/66/665696ad-748f-4a3e-884a-f400d4d8282b?rule=$_59.JPG', '275 EUR', NULL, 'ebay_de', 2, 0, NULL, '2022-10-15 01:57:43'),
(220562171, 5524944062, 'https://www.ebay-kleinanzeigen.de/s-anzeige/dyson-supersonic-foen-neu/2327980467-176-1953', 'Dyson Supersonic Fön NEU', 'Fountain Valley, 183 Tidow Islands', 'Tim Boathard', 'https://img.ebay-kleinanzeigen.de/api/v1/prod-ads/images/f5/f5547c3e-fe56-4931-8f90-8323b7192dc6?rule=$_59.JPG', '350 EUR', NULL, 'ebay_de', 2, 1, NULL, '2023-01-14 12:51:51'),
(224627869, 5324285788, NULL, 'Brautkleid /Gelinlik', '22967 Tremsbüttel\nLasbeker Str. 22', 'Dominik Schurr', 'data:image/jpeg;base64,/9j/4AAQSkZJRgABAQEAYABgAAD/2wBDAA4KCw0LCQ4NDA0QDw4RFiQXFhQUFiwgIRokNC43NjMuMjI6QVNGOj1OPjIySGJJTlZYXV5dOEVmbWVabFNbXVn/2wBDAQ8QEBYTFioXFypZOzI7WVlZWVlZWVlZWVlZWVlZWVlZWVlZWVlZWVlZWVlZWVlZWVlZWVlZWVlZWVlZWVlZWVn/wAARCABaAE4DASIAAhEBAxEB/8QAGwAAAgIDAQAAAAAAAAAAAAAABAUDBgECBwD/xAA4EAACAQMDAQUGBQQABwAAAAABAgMABBEFEiExBhNBUWEiMnGBocEUQpGx4SNy0fAHJTNSU2Px/8QAGAEAAwEBAAAAAAAAAAAAAAAAAQIDBAD/xAAgEQADAQACAgIDAAAAAAAAAAAAAQIRAyEEEhNBIjFR/9oADAMBAAIRAxEAPwCt93K0TSquFUjdwOc+P7VNJZyTpAyqGQqSfTBx9/rQKzStavEoAk3ZwBy1MEn2aa75OEYE4HOD/IFZ+x0QNFKitBsB3N4YOcftREJii0+MOilwm5WFR3EkN4DJbTIrrHucP0LZ6fGhFMzQo3dzOqcHapI6+dBJs59Gj3bTbxMcICWU+PPh9Klt5HVd0YdkJILHgH9KWh8lto4HTPNWzSZ4nskBUFSuGU+fjXcleqNHjcHztrcwr8M7RXG9I9gYEKR+XzxmjN0a2jKSSh9rCtwD4YpvqEkH4UxnakeNo44Hl0pDPp13bxF5cImCwyw5HpQivbs7yfH+Bqd3SKKQgYwwGMqM8GhyzyKEA3Y5+1HQXANmqE4ZMlOPiKBUkJuQqoPHUZqqZkwYSaHcwBpWZMLgks3j41JaFpLeeLozRsCD4kc4+ePrRmk38rRMNyFgpGWBJA88en60u064BvpGYqQJcnaCAc9evNDv7HWACMjMIY4gGchRkdDmrtZTyaeGtoZZIYhkAA4Px+NU7S4GfX7WEj2lnAI+B5/ar9aWtrcX8cV2r/1AzKyuRjy+Jrrluen2W8a5i9taita+LcWxKIquTwVGCeea9pWmXSWgvp5BDC/uoFyX4yD6fxVovuz9jbXsZZVujvAAlZht8c4HBFVXtZf3Y1oxbTElo+FA/MfP/fClXG1OV9luXyJfL8kdYL9Wlkafu2Yf0zxgY586YxXcmpaTHDNMCQ5jYNgnOCVb6Y+dV6eSSSXfISS4J5HTmiNMuUt7xTMT3TY3fY/rVoSS9THyXV07phCezZyuwbhmU4PunHGfnU1jYQSRZM0YyAcyFgM+OMDn40Hq0Zi1CRV5SQ71x05/00VCssDMYuC4B454x+9SpYBBGnwSRFSkTM4BDDy8j/8AazFol1FNJK5XDnGAMY8uBxVpit5TGwSIDcPE4rYWNy2BvTHoah8rNK4kLtE0Fo9fkvnIK+8oxyGbr96fXVqsLJISQEJCmt4s2sIU4MjcmoJC0vvMSOuM8VqiKqVpGuSYfRJqFwyT2lyqb4wAD/cD0P0pPPZ/i7q5mu40keU7mXHAbp+1OYYpHspImjLo59k5A2nz5+OKVT6lcWgKd1DM6nlmXcfoea7ll3P4vtfQk2ov810/srXaayW2a3lWLEfKsy+OaXXOnxQ6THdCYvI7bSgAwvPnn7U+1nV7i4sWhmaLunIzGseMePWqpO7H2dx2E5x4ZoQqlZX7DVTWtDa12X1tDukWNoQVdmGcDw+PjRe2xhkPd3lxKT4RxgD6mh9O0me4s4niRyrjOQOM05s+y1+oMvcjJGPaajXG33pOb7zDoLFUbbDaKwx7wCgULfpdrHvS9WBByQIgWPoD/FFLx+c/pSzUrnvnESH2V6+pro1staxAjO0shZuSaywIrKgDmvPzzWlGZr+iq9nuXMkcjyCMlQqqwwQDzUEaooDKuTuJYsB7X8UzkjV+oqBohjFJxceVrG5+X2j1Rr2v06K+7Pw3tlGsZg99UAHBx98frVKvo45dFsLqGII0e6CbA6sDkE+pBP6V0jSo/wATb3Ni/uTxkD44rnzBrVNQ0+4HdmRdwDcYdDn9tw+dJSx4NL1JnRuw5U9lrMLtJTcpI/uJ+9PJjhfnVK/4bXYGlXcLEkRyhh44yP4q13F7FtxtlPPgh/xSFUuioWV52kN0gve8ig53Fo1GfTpTVF8T1pbottfW6TJqMjNNuxtaTeFH6nzpqoAXOepxRnoDWmB4+lYkOcVtJwcelaSrt2+oq8kqRmOBpEZh+UZNDsCGopmKR7Vzz1qMp7fI4qkkaRJp+Y7lGHHNVnt1YR2Go9/tyt0pYrnhWB6/OrokcUMGX4ZgeM9K5rql/Df6vLNco8yBsACQjIHH2qFtPstKaWGvZzXZ9EF13MSSCYrnfnjGf800k7c3z8fh4Rz4ZrS017TLSHul0WMpnJzJuJPzBrE+uaPKB/yYKfRh/ipdFdaX7GXZyVn00CVt0hJHw8qdBlOwA+o5/wB86rHZ0nEozxn7U9TmWP8AsP70zWMEvUEsGafAPhk1tcZG0+Gea8v/AE0+Jr03I58hTJhaJ7eA3EgA4GM0r1q+Gm23ejBboAfGm1mSOhPu1Tu2zH8dOuTgSqAPLg0zbE6RImrWN8FbUb68APWKCMIo9M5JIo+KXsfsVe6Ax/3B8/PFUXpjFYNR1jaXt7HspOf6UiKT/wC0gfWg5uzWlSDdb3gIz/5kP2qn1hifM0dZ3X8P/9k=', '550 EUR', NULL, 'ebay_de', 2, 1, NULL, '2022-10-06 14:05:03'),
(226207499, 5324285788, NULL, 'Jacke f. Mädchen, military-style', '22967 Tremsbüttel\nLasbeker Str. 22', 'Dominik Schurr', 'data:image/jpeg;base64,/9j/4AAQSkZJRgABAQEAYABgAAD/2wBDAA4KCw0LCQ4NDA0QDw4RFiQXFhQUFiwgIRokNC43NjMuMjI6QVNGOj1OPjIySGJJTlZYXV5dOEVmbWVabFNbXVn/2wBDAQ8QEBYTFioXFypZOzI7WVlZWVlZWVlZWVlZWVlZWVlZWVlZWVlZWVlZWVlZWVlZWVlZWVlZWVlZWVlZWVlZWVn/wAARCABaADoDASIAAhEBAxEB/8QAGQAAAwEBAQAAAAAAAAAAAAAAAwQFBgIB/8QANRAAAgEDAgMFBQcFAQAAAAAAAQIDAAQREiEFMUETIlFhkQYUIzKBM0JxkqGx0SRiweHwUv/EABkBAAMAAwAAAAAAAAAAAAAAAAECAwAEBf/EACERAAMAAgICAgMAAAAAAAAAAAABAgMREiEiMQRRE0Fh/9oADAMBAAIRAxEAPwBmLhwlJzNIpzjAYn/NJusKyFHmuVI2+cjenOCTtJZO7uXYSHcnJ6VAkug7KGHeySfOtXFG6af6Opj1TWzuWSWGd4i8wUjutrJzRYYmS3+LevHcsMgB+XlSt43Zt2O+UO7Z/wC8KRmlm927PulTjOBvnPPPX61tOV6Rs50+K4dFOz4xOJljd2bO34mtFHLKyqRIcsQCCo2ycVioYnMgVA2onC451q+FF32mXs5ozhwaV4poe5ml30yqUuE2MqfUUULPgfGhpHil5Jb3FvGgb4gYlgBgYx/Nci6mwPifoK1pw1S2jl1mmXpiPDl904fIxICs5YeQ2qBojac5OGGQDnGDV25kW1s1jLKQzAD7wqPbzYnvXVVdsgBmxgZ57dTVpWm2QdPUr6FY7lZrkJNgMx3Y/e+tdXMDw3PZsCSdwMfN4UVYYXQjSDjx50e2GcS6izxbrkcjsMefQ1XZXD8hwuNdoYsrc2wSSdTqPIAbk+A8Pxp3XJdTKXbLMAHRRjSvQeZ2qfcXptoIzJ2jTqwkBbkSRTvs9Kt1Fdud5y2kg9fDFDsjWWqfJvsocRZZ7GO8A6aR5ZP+qTS4l0Lt0r2OGd+DrawAykSEuxYDAxt/n0rgcPvQo+GfzD+aadKdCNNvYFkY6CRlAeYGxzUBWC3k7ICqBlGMfjV9rpEhWM9oWTA3yBy8DUCVf6l1lYbZ2XB/alXsBQj4cZ/mKwqTnXJsfoOdU0sktjJE0h0zRkRsB94bj1x+1TuHRAoTrAXZck711fXUjBTknQcjJNB7YTpoUuobpmmGQQRkdADRrLTweYO2P6i2Lah0O42/SuOG2jT2sxiOe6TljjOOX7GvOJ25tZIEkzpZdAY+Axy9az+GHvB7h7i4uVOV1KGAB8D/AATVxbSYqCO0wRUb2faL34xBA2pWUknxGK0a2k2kd6Ubf+v908isysnYlHKSHOM7jeo4hZ5ZHB2BABzz2rQTNwz3V2jjkEhB04JO/jz5Z8agdrp1YOMnOnw2pEx9DtoCtxIuQdI6HI6VTuEROHtJbzyah8wxgefpUnhzkz4JA23J36iqvG72J7R4Ip1lkC4JAwDnn+9B+zEG9nbjMgh0BNSgg+O24x9f3oXtH2jrEJRtA3d07bH/AIUpwpJVvYnVgI4pQTgbhc4J9K0fE7eO4khj1YaUOjFttuYP0z+lF+wIley8MXvIfdn5k8gMVqzcRgkdry/vrDQWUlpxDsi+XTdlVSQR4g9avDiYUaewmbG2dI3oowgWFol4kk3YuiKwC65Bgn0HlSNxADOWVSCSc5HXURVb2eIuBdQ7aIypGkcyc8/QUMQKzN2rDQmtlHL7zZ39Km789FePhsSggwW2CqFyST5ilQE1TPhgijB2/uHSmDdd51UsqkY26fWgvqFpjQBEXALDruTufSqoiavgSxaXZkB0sQpUb586bMZh4pZvqLfDkz5DKgVEilHD5hOrsIicMM1dlkE0lpOg7jxSFfMZX+KnVcFyHxrlWh3i8Z9xmkt2CSxqNLDbGDmpC8S4kVG1ty8ap3MyDhNxlgSIyNI3OceHjWVW8fSMq2ceFVd1pNEplNvf2WIGggaQxqkeoY7q8zU9rS2lhdGnxcbkt03YkfvTfYQ4+yT8orpraDT9jH+UVzk9do6bSa0yI/C8K+mWEtjYa8H08aJBY9tbGBwsSkk5JwRtgbdatJbw6fsY/wAoooijz9mnoKr+Z6IvBOydb2jpMpEtvLEG72pQT586rzydrPGw+WNCgAHjj+K8CgDYAVw0j4+dvWkq3XTKTjmXtBEOnZmyT01UQTjA7x/NSYkcjd2P1oodsDvH1pUMf//Z', '30 EUR', NULL, 'ebay_de', 2, 1, NULL, '2022-10-06 14:56:33'),
(226379165, 5681729263, NULL, 'Nike Air Force 1 Mid SP Black x Off-White - 45', 'Nicht angegeben.', 'CL', 'data:image/jpeg;base64,/9j/4AAQSkZJRgABAQEAYABgAAD/2wBDAA4KCw0LCQ4NDA0QDw4RFiQXFhQUFiwgIRokNC43NjMuMjI6QVNGOj1OPjIySGJJTlZYXV5dOEVmbWVabFNbXVn/2wBDAQ8QEBYTFioXFypZOzI7WVlZWVlZWVlZWVlZWVlZWVlZWVlZWVlZWVlZWVlZWVlZWVlZWVlZWVlZWVlZWVlZWVn/wAARCABPAFoDASIAAhEBAxEB/8QAGgAAAgMBAQAAAAAAAAAAAAAAAwQBBQYCAP/EADwQAAIBAwIEAwQGBwkAAAAAAAECAwAEERIhBRMxUSJBYRQycZFSgYKhwdEGI2Kx4fDxFTNCcpKistLi/8QAGQEAAwEBAQAAAAAAAAAAAAAAAAECAwQF/8QAKBEAAgIBAgQGAwEAAAAAAAAAAAECEQMEIRMxQVESFHGx0fFCUmHh/9oADAMBAAIRAxEAPwC8z4qkvpUnsM1yaV4jdRWtlIZSVYg6SN8+lUIoJ5gJCX1amOQB1NdzJJC2mRSh2OGGNqoLi6mabVEeW2c5Zd9v3fCnfbLriNvFDeStOyt4TjxnONtutJoaY+G9c0NZo5JxBG2qQtjAP1daji8T8IijDEtrG2Rgj41mDKHcByQg6AbUlT3KknF0zVyfqZOS7DmBQSvmP56UPUSNh51PDrR72SIztyhpBDStpYr5EZ6ihyq0E8kTAgqx374/pUuroaTqwu5wM9KteAvomdfpL3qlR874G4p2wnEV3G2cDIB+umFGoLHNRvUZqM/D5UiaPY8zsKyn6RvdXl7HFbxcyJRhSgyST1H3UbifGHYFUOF9KrYLskSs+dJGMjyrTrRPSyqkMzuQI9BTrqG+RVnbcRtLWBDZwXaXKppkkjmUEnzwSpx9WKOkvDJppBei4VrgKvOV9RVgNzjsdqmfgsluymApcwNgq8ZA29QaXMb2PR3cPGY5bWVHjzE7q7EPgqNZbOARspGAN81SS2LW2HEsMgBBBUnI+yRn7qtorQxcXnihLKzwSsmN9Q5bbfvFEtRFYARJBHe3S++Gw0cR7b+833D1pJJbIbbe7EU4lfiYkSxGZzvpjTUT6nHWnYbv2jh91JcxIzxMp1LlWZn2JONv8I8qDLw6a5LyRGKF2OdOkY+4bfVQbVLizS4jvreVoZwoymDuGz9WRn50UIZt9bxvIkbFEwGbGQM9N6PCd80mvExcKkTW5it4/ciiOw9T3PqaKLuNjtEwOewFFFWa2zuBNCoJ8YG4o+azEUrxqsmsZJ6KafHFHwPdpUFmW4hJQbWWbkztFpZVAyp8/wClTZ2k3Fr7lqdMY3kc9FFbRYEtbVI49KIoGhS+xHmaiU/Cb48Dyc+Rg+cHHi0qRvn8sU/Y8UmtPCjkxnqjbiryfhVnMpeSG3Z26ESHI+NIzfo/AFDRsYyegByMd96lZ11LlpJdBJ72SWTncwJKcDKHTpA8hXCEq36uV4tZwdDYBo/9kTRSKWEcsZznDb/LP41E3DYRu0VwhIyBkflWinF9TLy+X9TtJYo9nvJP9f5UWzuBJdAQo07Dz3J+Z6Cgpw+1jk3Uuv7Rz+7FPo7QryooUVMgkOwwR8MYoc4rqVHSZpdK9RDjlklo6Sc5Vu53JaMZ0j1BoMFjIWbnXSKF+jnf6yMVZy2UVzcFrlYWOdOQ5OB6USPhturFNlPTeUjB+VZcdG8dC/yZwb7h9rbvFaqkkvusXGpgfM5O3yFIe1nvRuL8OzbC4gIMkQ8Q1ZJX+FUAl261pCaatHPlw8OXho1HB7yK24ZGI4nBbJYhsajnHanpeIaZChExx0Ovy+VVXA5geHaDczR6XICqNh59x3p6RhGQGvbk5AbYd/tVyTbtnpYknGPp/fgI/EA7Z5cy7AYDjGw+FEmulRlVhcN4FYeMeYzjp60vJcRuQRdXIwoHu9h/mqJHCBc3d0dS6hhf/VQ2Uobrb3DPfqzZ5M4wANpOw+FdzXSqygx3DZUH+87jOOlKyXCOQRc3QwoHujy+1XpSsZXNzcnUoYeHv9qiy0nt/od7xXIPs02wA2k7fZqZpVjcAQTtlVbPN6ZAOPdpaSeNyDzbgYUDoPIY716XlxuFMtwTpVug8wD39aLCnsvkYN2zHPs8/QDZx/1ruaV1lKiC4fYHPM7jP0aUkeKRs5uOgHl5DFTKiRysn69tJxmiyVCn9jouJZGObWYA9RrOP+NYW9CJe3CxppRZGCr2GelbAujSl2WVFJySTsKxLEuxYndjk1vh3s5NVsooueAjM06uXEYGcDffNXMlvFoR8ykMSB4emMevrXPDLUW9nHIpIdwSxB9f4UKfiEqPpEcjevOx+FGXG3K0idPnjGFSYdkjZEUJL4RjIXrvmvNbR6UOmc5H0em9APEpWiVDbuNBJz7R1zj9n0rj2yUrkRsPjNn8Kz4U+xutTj7+428KOsY5M/gXT067k/jUNZqAp5M51DPTpuR2oLXMrKoIHgBHvH41HMbbKg5/ap8KQLU4+4xJAJCD7NMMKF6dh8K9JZBX0i3mbYHOO4z2oMs7Ng6BsAOvYUNnk05CR59c0cGQLUw7jj2rTSlvY5hqP8+VT7CY5jiynYK2x7/7aRlmuXkZzHBliT0P50Nbi8ilR1S2yDkbN1+dHBlYvNQS+x3iFuRZXLm1lRmUjU52GfqHesr7G9XiSXEqFJUiAPmgI/GueUo27Vvig4rc5NRkWSSaP//Z', '209 EUR', NULL, 'ebay_de', 2, 1, NULL, '2022-10-14 12:27:18'),
(226626986, 5324285788, NULL, 'Lammfellmantel Alter ego Größe 38 wie neu', '20146 Hamburg\nHallerstraße 1D', 'Dominik Schurr', 'data:image/jpeg;base64,/9j/4AAQSkZJRgABAQEAYABgAAD/2wBDAA4KCw0LCQ4NDA0QDw4RFiQXFhQUFiwgIRokNC43NjMuMjI6QVNGOj1OPjIySGJJTlZYXV5dOEVmbWVabFNbXVn/2wBDAQ8QEBYTFioXFypZOzI7WVlZWVlZWVlZWVlZWVlZWVlZWVlZWVlZWVlZWVlZWVlZWVlZWVlZWVlZWVlZWVlZWVn/wAARCABaAEMDASIAAhEBAxEB/8QAGwAAAQUBAQAAAAAAAAAAAAAABAADBQYHAgH/xAA2EAACAQMDAQUFBwMFAAAAAAABAgMABBESITEFE0FRYXEGIkKxwTJygZGh0fAUM1IVFiM08f/EABgBAAMBAQAAAAAAAAAAAAAAAAECAwAE/8QAHREAAgMBAAMBAAAAAAAAAAAAAAECERIhAzFBUf/aAAwDAQACEQMRAD8AsV4zG5QJxD+rEcfl86eVRKgI4YUBbsdJMhyzHLHz8aID6WOlsHO/kahOWnZXxwzGh2FsAxNyNs0pJUgDPK4jCjLMxwMDzpq4lXszNr0uvIqn+2HWGu7KG2hVlVm1v54+n7UqVsdul0udt1C2u3YQXMcrgZIVt8eOKNZEuIzG/J3B8DWHxXM9pdpc28jRyqdQZec1strNJJbwSumlnRWYD4SRmtOGeoEZa4yudc6S0DdoAVGchl+E+IoBkj6zAba50pexj3H7mHj6fKrzdPHKml0DL8WfCql17pDQOJrclQDlHX4D+1GMqM42Uq46VNDO8boQynjFKrRH7RGNAlxbOZV2YpjBpVXRHLLQ6GORlPFcShnjYp9tBj7woqUagreHf5UzIjqQ8eSQNx/PKudM6mhLCsiAvkqy4YedUvrESNeSiE47MZQ/jUn1nr09vMbO0wud2kxuPSoWTtmVixBdhucVfxxfs5/JL4Q6Kh6qp0gRp72P1H0rYbdVlsozGd9Ax57VkccLqzPJpTWoCgnnH/lTVj1zqVncKFmPYAjCMNQ4/nFNOOlwWMss0JCX9xtj3HzpdkrRmCYAo22/d5VxYXsHULdLuHSSP7ieBqQCKwBG6nvqKjXCzlfSoz+zUpmfs9JTO2RSq5BcADNKqZJ6ZX4JQVK589+6gOtdY/0yD/iwZ2+x348zXfVriOxPbA4bnHjVLuJpb25LvlmY4VcceVJGGnfwpKeVX0EmlZ5QHcmSU5Zj60dNIRq3oK5tz2+pzugHHrTussWJ7+K6Ec7PbkFYI206uSQaYglViUAKEg4376KZkdY1Lb43z6mhTGIbhXAYqO8VjE10LqzWU4mjORnEiZ2YVo9lPHNEksTaopBlTWQzwS9OnV8ExOAVz4HfFWf2W64lvIIHkzbSngneNvH0pWr6FOuGjjGO78aVDiXAwc5pUvQmVdavnubwKxOlf1ozoNgJXN0+QkW6A/Ee/wDKpOLo1vPHiYlsdw2oyTRa2hjjUKqLhRU3OllFVC3plN6phbmXTwQBj+etDxgqPQcU5eMWlkYf5fKmkIYDJx5irx9IhL2x6TGAMDI23FDzIOzJCBGG+w5p6cH3GUgbfWuRqcEEDcGiAtX9GvUfZi1kkUahGV45AJH0qj3EMljc6WG4OQfGtH6C4n9nYYTjZTj8zQ0ns3FdMGuxqQf4nFRUqbLZtHnTPbGFOnQJMVMirgknfalUonSrCNAiWkAUDYdkppUdRBlgit2U2kndTj1FNdUY/wBO2OcU7Ogmh1qfeA3x30JNquLcAc4wal76WXOFTLa3l+9TTAA7e6TyO41PR+zz9o2uUICc7DNN3ns4yKxSYM6jIGnkVdeSPog/HL2Qush9GdmzivY5ShXI2zUx/tu9dFkXs9BwQdVNSdB6gAMpH5ENR3H9Fw/wsvs6QOmxMpwVYjH45qwKQVGMEHjHB8qg+j2sln01EZ1L8kjgZqTgkycH3cnceBqEuttFo8STHjbgnKy6QeARnFKl2hGx1A9+KVLY1FeidgrIDueDXSSqVG2MjDChm2uDjx+hpH+633h86NGsO1FkO/vx7HzFJnMsIkTcpyD4d9cW3/Y9V+ld2v2nHlQf6NHvB3p02jVbtkg7p6fz5U7LnQQu45Wo8nEluRscn51JNy/3zWYEcWkgDaDgq3FPSKI/eUkjg+lB8StjbDnH51JyAe7t8X70G6GSs8F0qgB49TDv8aVMQk9ktKiKf//Z', '257 EUR', NULL, 'ebay_de', 2, 1, NULL, '2022-10-07 12:36:20'),
(229785135, 1568427425, 'https://www.ebay-kleinanzeigen.de/s-anzeige/profi-bmx-subrosa-altus-20zoll-super-neuwertig-/2242456412-217-23414', 'Profi-BMX Subrosa Altus 20zoll SUPER NEUWERTIG!!', 'Bountiful, 35989 Lana Wells', 'Eveline Wischer', 'https://img.ebay-kleinanzeigen.de/api/v1/prod-ads/images/66/665696ad-748f-4a3e-884a-f400d4d8282b?rule=$_59.JPG', '275 EUR', NULL, 'ebay_de', 2, 0, NULL, '2022-10-15 01:58:57'),
(235178409, 5324285788, NULL, 'Belstaff Mantel', '20146 Hamburg\nHallerstraße 1D', 'Dominik Schurr', 'data:image/jpeg;base64,/9j/4AAQSkZJRgABAQEAYABgAAD/2wBDAA4KCw0LCQ4NDA0QDw4RFiQXFhQUFiwgIRokNC43NjMuMjI6QVNGOj1OPjIySGJJTlZYXV5dOEVmbWVabFNbXVn/2wBDAQ8QEBYTFioXFypZOzI7WVlZWVlZWVlZWVlZWVlZWVlZWVlZWVlZWVlZWVlZWVlZWVlZWVlZWVlZWVlZWVlZWVn/wAARCABaAEMDASIAAhEBAxEB/8QAGwAAAQUBAQAAAAAAAAAAAAAAAwACBAUGAQf/xAAuEAACAgEDAgMHBAMAAAAAAAABAgADEQQhMQUSBkFREyIyYXGB0VKRseEUFaH/xAAYAQADAQEAAAAAAAAAAAAAAAAAAQMCBP/EABsRAQEAAwEBAQAAAAAAAAAAAAABAhEhMQMS/9oADAMBAAIRAxEAPwDUKYVTI6sPnCqfkZhofOY4GMXJ8pX9e6xV0XQG9x3WNtWnqfxGFqDHgZnnnRfHl1mvFfUa6xRYcd6DBT8ieiqMrkcR6Ixk2kS6vI3EnEY5gbMecQVTUe8dopMZRkxQMJRCqI1RDIsRo3UNbT07RNqb2IVTgY5JnnXXepnrGrrtLYrHuqpP3OZtPFWsoq0I07KHtsOVBGQo8yZis5KD2dZydhK/PHfU8stK86RGrCKiFv1hsFf6mw6N4o1FGm0+l1CB3UBds5x6TNMAT3Kg7lJODxzL3oHiBdNfVW9dXsXOCVUZX55/M1cWZW+LZGRncZgnPrtHk5EFYJBUAuMmKNPJigB1Wc1WoTR6Z7rD7qjMKBvM14z1gr0K0BsNacfaKHWU1ets1eotusYs1rYx+kHyjmVFdAocD032Hkf5kZU7aKyCC5bgnGw85JLsGDWIVxjcMCJ1Y+IX12hlswQWUgHJA/mQrrl0+pYgHGdv38o8apqNwrMcAZVdj9YHVh7tGxIwVbu8oW8Ej0vw9rW1mhIc9z1nGfl5SxsO0x/gnVs1jIwwHqB45wf7mteQz5VcfEds5MU6RvFMNJonn3jG9bupLQTkpucHjPE9BJwp+kx/UOjDVX23vWytyzZjxsl6LNzjK9u1e593bnmHcgopyR5czjoFusVQ2EYgEb8bRvdgDZ8c/DOvHxz30JfhGS2cbAH9xB3KKtKWB7gT27g53hltAABrY59F3g9RpmtqZa67ASc5JAEWuDa/8Hk/7ZAWKYqICdhwfvNy3ymG8E9J1K60619QVWvKtVjPdkeudpurNpz53q2PiOeYp0neKTbSQZA6zcK9KBwDuZMVsyi8SM76e1KwWb2ZAA53gGHqawkkYJJ9YU2OCe5P+iNr0GuwMUN9xicvo1Khfa1sg4JwfOdsymnLZdhkEdhQkt6HaET/ACGPNYH1MAumudU7O5yp4wYdOma7OewqD6kfmZ/UjWrWn8H3WJrbqHOQ6d33B/uayxpjvDPTdXT1FL3dCiAhxnc5B+XrNa53nP8ASy3cVwlk6ETvzFGnOYpNtIXMr9Rpnu1BI4k4cQlXMYQqumZHvGPt6VSV88+ss1jH5gESnpunStR2gkDn1kazptRbiWi8QLfFAGU0pp6u1RiDdoayRX+KANLGKNiiN//Z', '260 EUR', NULL, 'ebay_de', 2, 1, 911688408, '2022-10-07 14:16:56'),
(243156720, 5324285788, NULL, 'Harley Davidson Lederjacke', '22967 Tremsbüttel\nLasbeker Str. 22', 'Dominik Schurr', 'data:image/jpeg;base64,/9j/4AAQSkZJRgABAQEAYABgAAD/2wBDAA4KCw0LCQ4NDA0QDw4RFiQXFhQUFiwgIRokNC43NjMuMjI6QVNGOj1OPjIySGJJTlZYXV5dOEVmbWVabFNbXVn/2wBDAQ8QEBYTFioXFypZOzI7WVlZWVlZWVlZWVlZWVlZWVlZWVlZWVlZWVlZWVlZWVlZWVlZWVlZWVlZWVlZWVlZWVn/wAARCABaAEMDASIAAhEBAxEB/8QAGwAAAQUBAQAAAAAAAAAAAAAABAADBQYHAgH/xAA7EAABAwIDBAYGCQUBAAAAAAABAAIDBBEFITEGEkFxEyJRYaGxFDJygcHRBxUjM0JSgpHhFiQ0NUOS/8QAFwEBAQEBAAAAAAAAAAAAAAAAAQACA//EABcRAQEBAQAAAAAAAAAAAAAAAAABEVH/2gAMAwEAAhEDEQA/ANGsmKuqgooHT1MrIom6ucbBELOfpKri6tpKJruqxpkcB2nIeXisYRuKbfU0RczD4HTnQSP6rb8tT4KnS1c+M15mr6h7nAXFjYN7gOCi3EEOHHUL2LrSB26H2I6p49ycWpmaljkYQ2pl6o03ipPANsZaBop8QD6iEZMe3N7e431CrVdI1zmltOyGwsQDqhxm4dmpVJ1Wtnw/FaLEo96kqGSW1aMnDmNUsX/18nu8wsegnlpZ2zU8jmSMN2uac1qEdecR2cgqTYOlDd4DS97HxCzZh1MUzbU0XsDySXcI+wj9keSSyRpWK7U1hrNo6uUuuBIWt5DIeS2HEqj0TDqme9jHG5w52yWDzSb9S9x4krrGHv4yO1qepB1iORXDhmxw9ld0dzIB2gJR+pjG4HaklDtDWuNgL96PqGfYBAf9M9OKDXj8mjhZXbZeo6XZpkV/u6oNHIkH4lUd9y4k8QrJsjP/AGs0PZURke8H5KoafGLRsHcEl6DkElzaQ23VX6Ns+9g9aZwZ7hn8PFY60bxc5aT9JNQLU1PfNrHPI55DyKzeK5BA4my6RkRJkwuGosUqV27LH3hdysu17howC/kmmCzYT3nzSkzK28Q7SMuai2WDt617BSkko6CNovvE5EcFHSZSPAyz0CDTEhAeG9xUpslIfrQRfmc137X+aj2tbuukNt4OAAvnax4e5GbLODdpIATYEkeCg2AHJJcApLDTOfpAqelx6doNxGxsfhf4lVeCIsg6Y6vdut+J8LI3G6g12JTyg3M0rnDlfJF4lh76agobMO40uD3DQGw/lbZQ0/rFdMF2RriU3JU1s7gpxZ+69zo4mEbzm68dPBSc9CX04ByPA9iDnFngutvObc2PFXiLYlr3jpMRn6MaBrQD+/8ACA2k2TbhtMaulnlkhZ6zJAHOzOZuLKNU/RwSoKj0XGaefhHKHEdwKX4wCNCmHtPpJcBobpDcAbgEZgpKNwHEoZ8EpHySNa8R7hBOd25X8EljGmb4HSOr8dp4dc7n3C/wWnU1CIoejeA4HUHQqLgdHR3dS01PE86lkQBKdGKVBGbgP0hWg7Ps7hU99+ggF/yt3fKyewvCabConx0zXBrn7/WN7ZAW5ZIKbEqpli2QW9kId2LVd8pBbX1QrSs7DZe1ULKullglF2SNLTyIsq7FidQ4fei/shO/WVW0gdKB+kKTih2KwymzlElS/tkdYD3D43VR2vw5tBibjHGI45G9UNFgro3FKkHOYaabo+SjMRDcXrYY60CaNgcWj1bZt7LJ0KVFLKI2hsjmi2gKSuX9PYYMuid/6PzSToxJANN3NFxdMSBts+PcnINCvHfNYIMvNjYapoAyO6tr6W0RDtCh4PXHNSONiIyIz7AU47KxAuT2px33jOZXLvWUXHXGYuRyXhcW1cZ3bWYcve1FvA3WZBCTf5bPYPmEwDQ8EX3R+6Sa4JKT/9k=', '305 EUR', NULL, 'ebay_de', 2, 1, NULL, '2022-10-06 13:56:18'),
(244024935, 5324285788, NULL, 'Lederjacke Nappa, neuwertig 2x getragen', '20146 Hamburg\nHallerstraße 1D', 'Dominik Schurr', 'data:image/jpeg;base64,/9j/4AAQSkZJRgABAQEAYABgAAD/2wBDAA4KCw0LCQ4NDA0QDw4RFiQXFhQUFiwgIRokNC43NjMuMjI6QVNGOj1OPjIySGJJTlZYXV5dOEVmbWVabFNbXVn/2wBDAQ8QEBYTFioXFypZOzI7WVlZWVlZWVlZWVlZWVlZWVlZWVlZWVlZWVlZWVlZWVlZWVlZWVlZWVlZWVlZWVlZWVn/wAARCABaAEMDASIAAhEBAxEB/8QAGwAAAgIDAQAAAAAAAAAAAAAAAAIBAwQGBwX/xAAyEAABAwIEAggEBwAAAAAAAAABAAIRAwQSITFBBVEGFCIyQmFxgRNSkcEkNGKhseHx/8QAGAEAAwEBAAAAAAAAAAAAAAAAAAEDAgT/xAAgEQEAAgIBBAMAAAAAAAAAAAAAAQIDETESIUFREyJS/9oADAMBAAIRAxEAPwDbAmhRIU4gkaYUwlxhGLyQRkJMRRJQDwohQJJTgdn3QCoUwhMKG5hMAlYZbkmJIJSMyV9RrGlziABmSVhX991O3NVwnOAOZWsXvFrm7bgcQ2m7wt3WbWiG6Y5s28XVI0hWxD4ZEg6SksuIW96zFSdnu06haDcVqtarNZ7nAZCToFGI48jtlCx8ikYXS294J/D7rTui/Ea7r8UatVz6bhEOMwc1uXhCpE7RtXpnRUKULRMamMLAEOOZUjRK/dINe6U1sFtRYNXPn9o+68HCHEGe7kF6XSt01qLeWE/U/wBLAw54djuufJy7MUfVjXDYLQTkTkh7u1MaKy+AAZPNVVI30Sb9s7gRwXVB43rD+V0TwBc4sJp06R3bB910cGabSNCFXH5c+aOCoQhVc6gaKt6tjJVP7IJcYA1JQbTulTvxBPylg+/3VFMSWeeajpBWbXqVntII+IAPOICKDpazyC5rd3dj7RpXfZ026arDrmWRzyXoXQi3ZM5uOf0XnVc3MHmE9cFvl6dvkyI5LoFv+ToT8gWgUT2iAuhUxhoU28mgLeLyln8BChCq5iNGQVN7atu7apQcSA7cbZyshugU7n1T0N6aRxrg1W2s5Lw9pdEgaeqwLcYRErormhzSHAEHUFeLW6OW7nl1Go6nJnCRiAUbY/Topm/TXLllYWdMuZFGYDidz/i819Fxgt7w5roreG27ralb1mCoxka8wNVSzhFgJPVmHM6yU5pIjLDRKdS4E4aeI7yRoui8PrOuOHW9R7S1xYJBM5qhnCrEOJ6rSkfpWeA1jGtaA1oGQA0Wq16U736kIQhbTDdAp3PqoboE259UAKFKgoAb3gqxp7lONUje6gJG6Zx09EvNJd5UvogLJQqW90ISD//Z', '220 EUR', NULL, 'ebay_de', 2, 1, NULL, '2022-10-07 15:29:18'),
(247829619, 5324285788, NULL, 'Riesiges Soccx Paket Damenbekleidung Gr M', '20146 Hamburg\nHallerstraße 1D', 'Dominik Schurr', 'data:image/jpeg;base64,/9j/4AAQSkZJRgABAQEAYABgAAD/2wBDAA4KCw0LCQ4NDA0QDw4RFiQXFhQUFiwgIRokNC43NjMuMjI6QVNGOj1OPjIySGJJTlZYXV5dOEVmbWVabFNbXVn/2wBDAQ8QEBYTFioXFypZOzI7WVlZWVlZWVlZWVlZWVlZWVlZWVlZWVlZWVlZWVlZWVlZWVlZWVlZWVlZWVlZWVlZWVn/wAARCABaAEMDASIAAhEBAxEB/8QAGwAAAQUBAQAAAAAAAAAAAAAABAACAwUGBwH/xAAxEAACAgEDAgMHAwQDAAAAAAABAgMRAAQSIQUxIkFRBhMyM2FxgSOR4XKCodGxwfD/xAAZAQACAwEAAAAAAAAAAAAAAAABAgADBAX/xAAeEQEBAAIDAAMBAAAAAAAAAAAAAQIRAxIhEzJBBP/aAAwDAQACEQMRAD8A1GrlWBGd7AA71mc1/tJp0gIiYFyK+2W3tJqkg6dKC212FL9c5nPT2b8V8ZLAiwfrmoIYBiAcEm6lJPRkYtXbnBGiYrYIUeuSaOGpUkdkWLdyXYDjzoeeQREutdFgVieIuR9yT/2MfptdIjX7wjzGDS6fwGRnRgByVNm8geNk8RUqvrkTa90nViJ2Mslg9rzW6GaLqWphNhmBF1/nOaqTI1Rgnbmq9m9a3T9Yu4Wj8MPP74uWMqzHKuiE84szkvtXo0lZTDqbBr4B/vFg7ROtGe0XTjrtGwT415A9c5jrImgkaMgiu4PfOxaoqkLvIaRQSTnOusaOLXal5dNaWezHvllVRnEIbarjeBk++C1uKI7TQ3XwPwccNJLGwR0IJNZJH0v3kEknvCFQ3zGOfXm8GzWIp5VaRIk2LvYK22+RfbnLnUNok0+1Ik3kcu4Jr8YC3S0g26ge83g3t4Iv9sCb3gDWvB4rIkh2nqJTsAAu+T3y76RppJJN5BK9+B55X6DpruVeUeHub9M2Whjjj09RCtprKuXK447W8eMyy0AfQBnLV3xZc7Vbmu+LMfdr6rHr1r0mfjvQP7jMFEC103A7X5DN91aaCbpmpQOCdlgfbnMCtDUFASPeeMD/AARnSrm4nS7NpDtuI7DJ44mmilgdaZht71eKqgptpFXa8YzlmjIk+IUR6UP4xTmli0MT+Jt3io/bthSRoiANBQ7G6GRcO8V7vCGa68+4ywEnvRyCUI5u7xoFCx7edoKgmv3/AI5/GW/SdrCQUCGAYeeVMSiVY0AAZfGwJruK/wB5bdKHMxB4FD798Tm+lNw/eJypUkDtiyc1eLObpv2tZOnROrLuNEVnO9dA+l1hjPheKTbf0PF50wanTntPEf7xmY9rtHC8Y1UJUs/gfab+xzq+OXGYswSuGBA7Mp8vXJEASeFCLAJ/4xpIn0sczke9BKMPqPP8gj83jF3ieGM+A2CCTdisXRxaqRqOxUi1II9cJQfolVHiJwaYBmP6jAjkV/TeH6YoPEx423zjyFtDQFXkkkX12/txl10+Mx6SyKZzZyl0Cs2nQAeKRt35OaRF2xhR2ArKP6L5pdwT3aIvRIxZ4zLZsG8WYm05tu3sKwLXRo+jcKour4Hpk0rVH9+MavMir5Dvmneqy63GXEZjncBbBG8+or+DkeonMk8ZVCdpAPHB8s0bQQJI4ROWte/Yf+rAE0Eaysu2wQRlvyRX8dRErLqEA5UNz9MsoIwxVQCEPBP3yOLSLCz0xIajR8qw6EARq3kMGXLfwceOfoiPRQafxRp4vr5ZPH2rGltwsY1Ceb454zPd2+tEkk8OMAY3Y5xYtx9MWDUHdAyNcgW8SHxs/wC2ThV2k0Lo+WDL8H5yxVHhUGYfTIquW8nHxZCvzDgF44/UFjywiP5Cj6nIZPnD+nJ4vlD7nIgmNv0frnp7XjYvlZ6fgGSjHtg8nFnlD0xYBf/Z', '260 EUR', NULL, 'ebay_de', 2, 1, NULL, '2022-10-07 15:32:14'),
(247914692, 5324285788, NULL, 'Brautkleid Gr. 38', '22967 Tremsbüttel\nLasbeker Str. 22', 'Dominik Schurr', 'data:image/jpeg;base64,/9j/4AAQSkZJRgABAQEAYABgAAD/2wBDAA4KCw0LCQ4NDA0QDw4RFiQXFhQUFiwgIRokNC43NjMuMjI6QVNGOj1OPjIySGJJTlZYXV5dOEVmbWVabFNbXVn/2wBDAQ8QEBYTFioXFypZOzI7WVlZWVlZWVlZWVlZWVlZWVlZWVlZWVlZWVlZWVlZWVlZWVlZWVlZWVlZWVlZWVlZWVn/wAARCABaAC8DASIAAhEBAxEB/8QAGwAAAgIDAQAAAAAAAAAAAAAABQYDBAACBwH/xAAxEAABAwMDAgMHAwUAAAAAAAABAgMRAAQhBRIxIkEGE1EyYXGBkaGxFCThIzNCwfH/xAAYAQADAQEAAAAAAAAAAAAAAAAAAgMBBP/EAB0RAAICAwEBAQAAAAAAAAAAAAABAhESITEDIkH/2gAMAwEAAhEDEQA/ACRdIVHljbGFKo5pMmzbJHIJmccmlxAKE7gd05Mqmien62zDdnsX53AMdM/Wpodh0AbhS9qiUI1F4BHJmfjRtdyWltnyXIUYJMCB680A1Ob26c6S3OQT9uKG/wACjLY9aknIORFWH0kgAIk9p4rRASEIQPaT3nNe73d0IIUfeqIoAFPLQlKVIPxT2oY08hm5N486W0NLTBCdxJyRH071slyeBj1qBNzYpWpjUWlC1fVC3U+0yQDCsc5NADkxqQ1TTDdNWylpCikIbSNxj4nH81WunH0NBb1t5e8BKO+34++vPDqmNOtm7RFwHUFRc3pBzPH2j71fvr9hx4WiclwFSFn2ZEYpKjlkUqVUwUlx2AdwAI7CrKk3Lbe5QEHOOfpWot3U3AStPTIlRHFCbnUbi4uluBbiE8BAwCO1M3RkUn0C29wpsFSUgJJgzxxVTW1rGnwVJ61gDaOe/wDqvW17LdaEg5Mz2ohpFmnVtQtwsdLSgsgjsOPv+KEKxr8D6QNP0xCnkg3C+pRPInt8sUU1LS2l3TNyhAwratPYg9/rVyxACMYHapnDj51RoRNiBpOqOfvBe3CvIBCTPbCjg9uI+dS3DNu68s2zrq0qghalSADmPxVd3TiwNYY2zgEST68/SazR1hVqd0FO6EjuK55cLx6LCFzbnsZmm7wiyUsuOqEbjtH0/wC0t6fYP3dqFNbAgk80/aBY+TYMg4gSY9TVoojJh226WwfWtl5Sfia8T2jA7ViTKB7804oE1d9m0fU4uAHWVpKiMSAYn6/alvR1tItlBRCYUc0e8SWDl/pjrbP95PUj3kdvmKUtPe/anfKSSMHH5qHqtFfN7IdPeQzqNuGG1usKWJaSYKvWuoshHkpUkbUxgRxXHQ6hJw4UHiUnP2o3a+Kb1mzNuHvNCR0KKOoR+aopUtk2jpZE7pwIitfxSUjxm842AWdxERmM++rqvFw8oD9GrzYyCrpmmUkFMY3C2mDzJz7jSZr71ui/LFolIX7TgIxJziqd1r2oqeCisMH/ACQgSFZ9DQS/u13F+4+7KVLiSjHb+KSTyVIaPy7K61NggY3HHwNY24W3dhxFRugcQInio0YPyNBhdTcknoTJGQaf/Dd0zfWLbTyG23WiJEAFSexP4rn9hhxEdzn30YAAuEQAOntWUgR0K5063cKlONJWDwCgYqiNC0dCP6rDZHIK+k/f51dsFrKWwVKI8kHJqwlRN04CSQCIHpitpdNP/9k=', '510 EUR', NULL, 'ebay_de', 2, 1, NULL, '2022-10-06 15:26:08'),
(249084800, 5563360146, NULL, 'Duke 790/890 Tankverkleidung', 'Blumenstraße 35,\n49716 Meppen', 'Artur Uljev', 'data:image/jpeg;base64,/9j/4AAQSkZJRgABAQEAYABgAAD/2wBDAA4KCw0LCQ4NDA0QDw4RFiQXFhQUFiwgIRokNC43NjMuMjI6QVNGOj1OPjIySGJJTlZYXV5dOEVmbWVabFNbXVn/2wBDAQ8QEBYTFioXFypZOzI7WVlZWVlZWVlZWVlZWVlZWVlZWVlZWVlZWVlZWVlZWVlZWVlZWVlZWVlZWVlZWVlZWVn/wAARCAA8AFoDASIAAhEBAxEB/8QAGwAAAwEBAQEBAAAAAAAAAAAAAwQFAgEABgf/xAAtEAABBAIBAwIFAwUAAAAAAAABAAIDEQQhEjFBURMiBWFxgZEGMqEUFTNS4f/EABkBAAMBAQEAAAAAAAAAAAAAAAECAwAEBf/EAB8RAQEAAgICAwEAAAAAAAAAAAEAAhEDEiExIkFhof/aAAwDAQACEQMRAD8A+xgmFVaaEzSvnocmq2mBlfNLuBWfWAOjf1WJnRyxuZK1r2O0WuFgqV/VUsPy9Lbjqbx8XBxZDLj48cbzqwFP/UczD8Mm2NAV+Vx+Zrqonx7JL8Msv9zmj+Qtu2qbiyF8Mz7JAdQ/CY+JTijXhJYo9LBcL9znEn8BL5Ze4Na51ctDfUpOxucwyTYQg8RxvIOzbj9/+UpgLywljSd9QExNE9sbncndOlqeHPBAHIJx3LNmSsb0DEwlzwedHkABsLJcLQY5TyNuNAXs3ZQi4k91g1Zd36G3Koi0Q5hHdSBKAdldM3T5qSxCovzSDVqZlfGpORbDXEas90rm5NDg07PVLRQOk2dD5qeWT6Lr4ePEO2cz/dMp408/YCkKXKkk/wAj+SYZixgW5zV6VuPGKJNn/WlN7fd0458a6xP5JGc+UVhJic92q6WFtkkDD7Ixfl2ysZs8ZAZG6/JU/b4LoXR5swu5xkVdFYfA3rVLuB1kJOtI8tUV14vi8nlPk0uXFYLI0UjwPlUcpwYwnsp/qN8qpQb6ASknjs/Ra4yvb4A6Begj10TbABrupM5KQ4W7ebPlNiBgG7RQDXZByp2Y0Re7Z7DyUu59uTBy5IMdg9tuPQKeX8zZO0FzpMmYmi57uw7J6DHZAOUnuf8AwEqbuvHLHiP2H6bi2zoLHock1JKCdoYcXO0nDVDPlyzdtyNro4uGvr5XuxB6IjmEBDohEosnOzk1zXWp/oFWHj28u6X+yoMiVCF7u9UnI+tqZA40E6wk6SJEmg8fVScmGWeYvl2B+0Nd0CptA4nSw/paWYyT1INJh0xrWX42V4l7upJTFA3ayK8Ix3uAGG0xDHxYXEWb0sN6lMtPsAQbQyb6irQ3VW+i27SC7oiQYb3DfcJe2eVyVx5kIHIpwlv/2Q==', '240 EUR', NULL, 'ebay_de', 2, 1, NULL, '2022-10-11 18:01:07'),
(249819227, 5324285788, NULL, 'Parajumpers Damen Winterjacke Gr. S/M', '19288 Ludwigslust\nDGM. - Brandenburg-Straße 13', 'Diana Brinkmann', 'data:image/jpeg;base64,/9j/4AAQSkZJRgABAQEAYABgAAD/2wBDAA4KCw0LCQ4NDA0QDw4RFiQXFhQUFiwgIRokNC43NjMuMjI6QVNGOj1OPjIySGJJTlZYXV5dOEVmbWVabFNbXVn/2wBDAQ8QEBYTFioXFypZOzI7WVlZWVlZWVlZWVlZWVlZWVlZWVlZWVlZWVlZWVlZWVlZWVlZWVlZWVlZWVlZWVlZWVn/wAARCABaAEMDASIAAhEBAxEB/8QAGgAAAQUBAAAAAAAAAAAAAAAABAACAwUGAf/EADQQAAIBAwIEAwYFBAMAAAAAAAECAwAEERIhBRMxQVFhcQYUIjJCgTNSocHwFXKR4bHR8f/EABkBAAIDAQAAAAAAAAAAAAAAAAECAAMEBf/EAB0RAAICAwEBAQAAAAAAAAAAAAABAhEDEiExE0H/2gAMAwEAAhEDEQA/ACowhxjK47YoiFmGT/gftQUBfq2A3rVjC+rqM1iNbJxKwAIOD+lGx8SIjYFCHxsR0oMRqVzq271EZYYyp19eh8asUkmVtWOLGmMdR6ZrgmUv2xU7IunUvfr5VqeVS4jOsbj0tuCKBHIxI1E9O+KtahhjT3eNQAQBsRTXWeP8JlkH5X2P2P8A3QCEUqE99UbNDOGHUcsn9RSoEMRhzgaRjPzCjYiAMhcGoo13zjG1D8RvVtYvhI5jdB4edZUrNaTbpDLu+kM0gjcqEIGOx2oC+uHFjzIzsAOh71Ti5kjmlMpJ1nVkd6c94GhaCIMQ3XO9XRhTEnFrhZcPvHuJd2wcf4rQW90yws0hAA61jrC+aBThAMHrirL35rmHlR5JanceiJNmvinmg3ikK+Xai4uJy6hzdyO4rO2dy8OlXB5bbZPY+NWqgSDI28xTNUCeNwfS+XiNuVBMgFKqLQw+lT50qUQAuWSCJ3c7KuT51leIXyRvzJsvI3056VYe0V02Et4ySfnbHh2qhcoI2kkjPM7k75pMcaVnSxqo2TylZgrdDpHTxpixlUEgU/D18xUtujNCsq6TlcEFckGpQG0EOox5D/dWFjVnZIo/dLaKI5Ll5XP3wBXYtdsQw2GrqP3qMJiZTHg9iB2ozk848okgDdjnp4fejFUKsYxOJSNNyXXJRtmHh5/atHw69BIhc+hzWQuLYxkSRMHikOnV3yKMtJJI8B2yR4U/vCut04s3OmlUVtPHNbxyBtmXvSqkxNNGEuZedfzSYAUsQoA7DYUPKFnmAJ+CIamHiewqM8yLJcjAGceNPMEkVgspOHmbWR5D/wBo+Kjoy8UR2ZYHLRKSh6qenqDUpnVgWQ4/Mp7UNmZkB1KR4A1YcG4Y13dc+cAWqA82VjhQB2zR8GctVYMZmjdZANWPm8TRCXZZSIonwe561Z3vDLC/sZX4YUkkiOWSKQvlfTrnv9qz63E0Q0lTgbZoxdiwnfhf20S3XB5k0hZFyQPPqKr45EMIYaRtvRvs/KZBMNmBAJx96rZoxBdzRSKQobUoB7GpF06K4uptHfe3XZJcL2GTSqMvADjlgeppU5bQLDG95dxQBtak5bHTFH8bcx3UaKpCIgVfX+Yq8sbdYssAMmu3drFIeYVGsdMjpWTftmb6PayvtuFw8OshxLjBaKM/h2y/NIe2fD0/4qm4lxK64mVD6YbVPw7dNkUener69gk4rIHun1Mg0qD0FDf0VDsScdOpp1NfpFPtyKCKaayuEmtZTFKv1Kf5mtPZ8j2lhYwiO34mm8kY2WYeI8D/ADzpi+z9sF+IMT/ccUG9m9jdxzWgMcsTagVqfRWSU77H0l4dI0PFuSwaMgFCrDBB6/tXfaCHMyTlCwwVOP0/eraaQ8Ru1v1RVkMYQ47kZ3/Wnup0LzE6/UTsDRcu2hHkblsZIQzYGmOUDsM0q2SvCVGAgHrilU3Y31kRrjPga66BjnvSb5a6vT7VQVjeWcZ60wkhgNJ/uFTruPtTZOvqM0SDVkP+u1MkhD4br5UpOoqaP6agRqrpXf4h+orokIbGskL3qQbo2d9jQg+daZCk4GBgaaVMpUSUf//Z', '255 EUR', NULL, 'ebay_de', 2, 1, NULL, '2022-10-04 17:23:48'),
(250493952, 5324285788, NULL, 'Bomboogie Jacke S', '22967 Tremsbüttel\nLasbeker Str. 22', 'Dominik Schurr', 'data:image/jpeg;base64,/9j/4AAQSkZJRgABAQEAYABgAAD/2wBDAA4KCw0LCQ4NDA0QDw4RFiQXFhQUFiwgIRokNC43NjMuMjI6QVNGOj1OPjIySGJJTlZYXV5dOEVmbWVabFNbXVn/2wBDAQ8QEBYTFioXFypZOzI7WVlZWVlZWVlZWVlZWVlZWVlZWVlZWVlZWVlZWVlZWVlZWVlZWVlZWVlZWVlZWVlZWVn/wAARCABaAFoDASIAAhEBAxEB/8QAGwAAAQUBAQAAAAAAAAAAAAAAAgEDBAUGAAf/xAAyEAACAQMDAgQDCAIDAAAAAAABAgMABBESITEFQQYTIlFhcaEUMlKBscHR4ZHwI0Ji/8QAFwEBAQEBAAAAAAAAAAAAAAAAAAECA//EABkRAQEBAQEBAAAAAAAAAAAAAAABAhEhMf/aAAwDAQACEQMRAD8A0QFEFpQKIVFKFpt7iJTp1ZIO+KWZsQOQexqmGQ2oMSPjWdXjWZ1bvf2yLnWC34RzUCfqkUePIDZz62NV95CtzbkZKyDOCppuODpYsVU3Ba4AGpTL6s7Z9Pt+VYuq3MxYR9Xkd3ZCHQ40jHH81Y295HdMq4KSDfSaqoEBISNAq42px4yk0ZjYh1YcUmr1LmLlloSMU6eKBq6ORsrvSaaM0mKoXtQyOsaF3YKo3JJwBXO6ojO5CqoySeAKwnV+qXPULzaURWgOI1I+98T8ahV51DxPBCHSCIzcDLHAOfYd6r4+rOuQ0QVBxg53qmATAmX1tn0/lvSo7TzFixRe45rN9JqxcDqcZmwVwx7YqnuAsnVC0YwBzjainiLMNLkqD7DNchCvpxk4we5qTxbq1bW3VNCsqsDIq554p+26zHGyfaYTNpIbzI2GQc+3996qJFCYxgE8+n9abJZQFVAfkaQuq9Cs7+2vo9dtKr45HBHzFOtXnENzcW9z5kAzKp7bYHxNbfpPUh1G1DOoSZdnUH61uVOp1JXGhqqqfE94lr00IzBRM2kn4d/2H51k1khu7Uwggkk6SRV34mRbvqEUMg2jTIA9yf6FUt1NagLajKMp2BBBB+FZrNQY4/KBV8gqSCu+/wAf2qRH6fUoYjHGKRir6vMw2qnIolj0JgaTg4qA1cKp1ZH+/wB01GwMmSDpXcEd6kuiLG2lFzTFscOfiKijnmBUBlZW4BI2pkmNxq1AE4IXO5qXJ5Zh1FBz2GKhPaxsM63DLwQcg/5qxHR2089uJI5QjZLaTyfbej6ZfXtjdq8Q76XDZ0kfHvQRxkIiFisa7bctRzRHzA8Z05G2/FXo9H5GaTFRemPJL023ZmUnQAdu4296lYf3X/H91ppn/EUGm+jlZyEdMAAb6hz9KzzmO3ullMhLZBH/AJrZ+ILdpunFlALRtqx7jg/rWVuYfPhJOjnkjcVi/WaqmmmMuIoV0k7E5JI/SpGXLq6hdWe29OgjSEGWOSoIFIq+XN6zn5UCus5y2s47ggDamYi5kITBON8b+1TXBMZ+I4qLb7TbcBd/pUHPOWhIJBDHgjBB9vpQLJoiYaC4I7VInTTG7Ac7kfvUeOKV91cqTxgVQIMskZEfp3zvRK2SEnRd+GB399qkQERMFuCNQHpI4P0pTAZXCxK7Su2EVDjJojYdCUjpMAJyuDpPuM7VY01Y232WyhgJ1FEAJ9z3p/FbbcQCMEZB2wayfWLA2c2pUzA52I/6/Otdim5Y0ljaORQysMEGpZ0s6w7op8vTvqO/81HnGlwGOBnA3qT1Ip0y9kgJJA3GR2PFVEs73TBn0jHAUYrMjKY8Kog0jJ4GaYiCylzjOD8v94pmW4lbAL+hfvY+VNQzsvmeWoBKDmnBPn/47dmUnGOKkWrQMhJcHO5Gaq2umuBpY4x2xzQo6rKvwPvV54LO+XzrfEJIdWBXHft+9a3onR/sEKSTkPclcE9l9wP5qN4c6bqhW8uYSrE5iVvb8WP0rRGkiyBxSYoiK7FaUgpdI/OuHFLQZbxj06a5FtLbwSSupKtoQscduPz/AM1UW3hbqjqCUjh1cCR9/pmvQRSPynz/AGNBkrbwWSp+1XmMniNc/U/xRp4LQFj9qKHJA9OrK9vbFawUtQYy48EMBm1vAT+GRMfUfxVU/hjqkUoU24cE/eRgRXpAoTVDcA0wRqOygfSjNJH9wfKiNAJrs0h5rqD/2Q==', '207 EUR', NULL, 'ebay_de', 2, 1, NULL, '2022-10-06 14:01:37'),
(252093149, 5563360146, NULL, 'Elevate Nackenkissen Season 1 NEU', 'Kuhweg 9, \n55566 Bad Sobernheim', 'Artur Uljev', 'data:image/jpeg;base64,/9j/4AAQSkZJRgABAQEAYABgAAD/2wBDAA4KCw0LCQ4NDA0QDw4RFiQXFhQUFiwgIRokNC43NjMuMjI6QVNGOj1OPjIySGJJTlZYXV5dOEVmbWVabFNbXVn/2wBDAQ8QEBYTFioXFypZOzI7WVlZWVlZWVlZWVlZWVlZWVlZWVlZWVlZWVlZWVlZWVlZWVlZWVlZWVlZWVlZWVlZWVn/wAARCABaAFoDASIAAhEBAxEB/8QAGwAAAQUBAQAAAAAAAAAAAAAAAwACBAUGAQf/xAAxEAABBAECBQMCBQQDAAAAAAABAAIDESEEEgUxQVFhEyJxMpEUI6Gx8DNCQ1JigdH/xAAYAQADAQEAAAAAAAAAAAAAAAABAgQDAP/EABwRAQEAAwADAQAAAAAAAAAAAAABAgMREiExUf/aAAwDAQACEQMRAD8AvSCmEFTPTXPRtIZBLCU10ZCn+gl6Phc5W7ScKPqWObBIf+JVz+HHZReJQbeHzEdGoUYxm2kqKkemeXRIRKXqngAanbUcRnsuliHR4AGpbUcMXdiAt6QAEMmic0uud7VD1epEDLB9zsAFWoxJNR6Qt7wB5UOTioafYC/9FGaXzW5wLj4baC97WhzRE35JspuAsHcV3RjbGI3eXkn9lX6zXavUMMbXNjYRTrbutNjkc1lZxkFHbICDcjbHJpZ/PK7xDqmdpp2j+qx3xhcbFqAObT46q1LhIBurOeyI3aW7XkgYraAkurGnmyxSGV7T72/OE9khcCaGFaO0ccv0uBJ6HBVXqIjp3FoGCeSyz189xrjs79dDheU+gojXZRwcLBs2cppU0shm4g8bWvEY2izgeSriY+7KzJeW6zUB3P1DhX4oqnuOyItEriezeSjlobGTIae76ReU9kjW0XDcOdBR5iZSXOGTy8JqBrNV6BcQeYyhycZYHWXMHIckKBu9z9wsg9VzXNB021zACXDNeCluXBk6LHq45XW+QAHkQLCkMmeCXg1H0I5LMx2yWgbBVzo3SAVZAOE2N8oFnKuIyD7/AFWlxFEOCh8TjGy6APg2E5ucJarEBHhCwYp+qKDgIdJ9FQX6rjaaoAg9uqzOsY6TXSFjSadRr9P0/ZaebMZzQ7LM6uR0E7pCCWzNogdwrsUlSoYXPgacAEkC+p7JeixjjvffuIo4xdWm6fUO1DDdAOJO1o6pspo/SmKjTbYJGyNFtcKeBeConGdbGyOJsZ3F2TXZTngOYQg6PRaSbh2ofKK1ALtpLb5EjHZLceml4r9Jp9xDyNoGcq1oad7BODDGcb3CrPbx/O6iaNoniHOiM5VloQyR0sczmPZEAG2eV9M4H/XOwhn3Gehx5lfZPjMcjc2xxoOJzfOvsCha5xbESrnT6bSmFsjdRDIN5qzYYKyPj/0Kk4tq4naioqABIsNxzwUJlfHtGyeXIgNGAi0lBG53T2jqUXCjy+qY1U+RXUKq12hdNC4g4Ga7dMK8do2uN+o4LjtBE4U57yFbKlYuKY6ZxYQQeqdJrLNXa1buC6Jxt7Xu+XJ7OFaFgoadp+U3kXjGsmc5xr9VC4hDIJG+nIW43GjVnK9HZotK0eyCMdMBZ3jMEI4g5ojaAAMV4WWefJ1phj2s1p9WYWhp9rh2U78RBMbLWucMEgZ+6OYIj/jb9lwaaIGxG0H4STf+w90/hDUsii9p8AXyVez82a3cuuVZCGP/AEb9l30Iz/YEuW3vrhsdfCY117Wuc6+YFld9K8jl8FOaxrCC2wR5T7P8CztlPJY2CSaz6U5VpSSSXUHEFl+KO38SnJ7gfYLTPNBZTVknWT2b/Md+6y2/Gur6FSVJpJ7ptnup24tBLCEuhc4XCWEMLq5z/9k=', '254 EUR', NULL, 'ebay_de', 2, 1, NULL, '2022-10-11 13:24:48'),
(256669088, 5563360146, NULL, 'Husqvarna Te 610/ Sm 610 Gabel', 'Blumenstraße 35,\n49716 Meppen', 'Artur Uljev', 'data:image/jpeg;base64,/9j/4AAQSkZJRgABAQEAYABgAAD/2wBDAA4KCw0LCQ4NDA0QDw4RFiQXFhQUFiwgIRokNC43NjMuMjI6QVNGOj1OPjIySGJJTlZYXV5dOEVmbWVabFNbXVn/2wBDAQ8QEBYTFioXFypZOzI7WVlZWVlZWVlZWVlZWVlZWVlZWVlZWVlZWVlZWVlZWVlZWVlZWVlZWVlZWVlZWVlZWVn/wAARCABDAFoDASIAAhEBAxEB/8QAGwAAAgMBAQEAAAAAAAAAAAAAAwUABAYHAQL/xAA8EAACAQMBBQQHBQYHAAAAAAABAgMABBEFBhIhMUETIlGhMlJhcYGRsQcUI8HRFjNCY3KCJZKiwuHw8f/EABcBAQEBAQAAAAAAAAAAAAAAAAIBAAP/xAAfEQEBAAICAgMBAAAAAAAAAAAAAREhAjEiQRIyUUL/2gAMAwEAAhEDEQA/AMTKREoZEDE86fQ6w9nd2u4kaWMyhix4sTyOT4g/Si6DpyXCXJlUMhTc+fH8qXvpF6Hm09YHkVWMkb45f+jHyFcpiulzG6LlQONZmZu3v55OoEjH4DApjpf3pdNT74DEY1wQ3PApZaLmO5kPPsCT8eNSFTHQ+6JAOpBPyq4NotPjuY7ZpSzOd0sgyq8ccaXaQxdJ409NRjPtIrJXcb2Vy6ON2ZG3sjrVkzRtxHVNWuYNHsGupy7KCFCoOJJqnNPbaxs4byJ5IoycnKgkYPhXPdQ1C81BxNcvK8OVXmdzIHToCefxrYbJIZ9lLuMZILSAA9OFbGJspy3oum068Nj99W8g7B3MYwhDDiQMmvlNlZ205btLiJlZN4Lg591N7WPtdmb2L0ghEynxHAj6U42e72lBD3uzYqCOo5586nXRcuV5fauaQncbBOB1o/aReuvzour2v3XU7mIAjdkOBjoeI8qX1cjdtxpEJttLiJHeZTIeHiM/TFKL7ai+SZ1gNvDGhxg+k1acRlbfswB3U3R8sVll2Tu5ppJJ54I0dy3Ft44Ps5edc5JnZXONGt1dNcadPJwzJHkf3D/ml6ruwajj+FNwfAYphc2jQiOEHfQtGgYDGcez4VTg71hfOF/eOePsJp8ehvY2jDcvLkY5ED/SKze02JNemA5dweQrUacuNTvxw7rgYP8ASKymunOu3B8HQeQpT7DejnazQLTS7KO4tGkVZJFBiz3RwNOvs+46LKOY7ZgfkKFt6MaJbDr2y/Q0b7Oj/hF0vPE54f2ij3xX+hNGjVJbmzOe8jxnwyrYHkaLsrIxEkZXBKA/FSQfyoKuLbamRTndaXPFuHeXw9550PTGFntHJCSF3pGHEnkwyMD34rKX7b2xh1OOcLwmj4+8cPpisrviukbX2guNGeRFBeFg+QOnI/r8K5sUXPLzrRq6gBkeyvnexywK8xxrxvHFEgJSGuo2ON2COSY59i4Hm1JbRSNIKgekyj5sKZ3Lfh6g5yFjttwn+tsflVOzRvutuh/jlUH50/UD3RoFUbQaoN4Be26nA9EVjdXIbVbpv5orXKMazquek3+0Vi7uQu9zID6UhPnVnY3ps9um3tLtB/OH0NE+z1922vV8Js+QpftdddtYaUoXHa/ic+XAcPOjbAylb6/hPUK4Pz/WjjxLPkY7SL2Grw3KA8VByB1B8ar6uxttciuVzusFfIHMg9f+9aZbUQB4YZMjKsV4gcMjPX3Uu1dRNptjcgjG7uZ4Hp45Ph41otax1iuIWUgGORcEHqCK5lcaLexXEsaws4RyoYDng866FpVx22nQMGLEKAfeOHifrVvIPQVOlU2WP1qGyqeRzStdobWRyJYHj4ZB5/Cq0mvw7x3beTd8cjjV0m1m/G7pN8y4DTXCQgnrurn9aCiMjWacP36Dl7cUW/lSHQ7B5Y2KzTtMR1HT6GviwvLa+1G1jjjdW7ZG4gdDn8qQZfcUAOr6mzEDeuWHL4VE2T0maftHi4k5OHYA+dDury2ttTvBNvbxnc5XHrGjx6xZoRwce4itmZbeDy80bTL6COKeAFIxhMMQV+Ir3TdC07TXZ7SEqzDBJctw+NKhrtmpGGfyNWYtesiMtNuDxan41PKHskMMy7k0aOvgwzQZbK2MIiMMbR9FIGPlVEaxYk8LuI/3VQudprFXwkjOo/iUVL8Y0+VOo7aOJNyJAijoAAK93E9YfOsrJttYjK/jEf0UP9s7D1Zf8o/Wpr8XN/WeVmdoixJLEg19NyNSpXJ0E1q5ma006NpCUROA8KBps8sOo27xuVYMOIqVKXoXzeTSS39w0jFmMjEk++j2MaSmbfGd0ZFSpUqhjlUPI+2pUqM9Ud2vPZ08KlSoqlJFH6vOqpAB5VKlOC//2Q==', '310 EUR', NULL, 'ebay_de', 2, 1, NULL, '2022-10-11 17:49:31'),
(257526355, 5563360146, NULL, 'Fendi Pullover', 'Blumenstraße 35,\n49716 Meppen', 'Artur Uljev', 'data:image/jpeg;base64,/9j/4AAQSkZJRgABAQEAYABgAAD/2wBDAA4KCw0LCQ4NDA0QDw4RFiQXFhQUFiwgIRokNC43NjMuMjI6QVNGOj1OPjIySGJJTlZYXV5dOEVmbWVabFNbXVn/2wBDAQ8QEBYTFioXFypZOzI7WVlZWVlZWVlZWVlZWVlZWVlZWVlZWVlZWVlZWVlZWVlZWVlZWVlZWVlZWVlZWVlZWVn/wAARCABaAEMDASIAAhEBAxEB/8QAGwAAAQUBAQAAAAAAAAAAAAAAAwACBAUGAQf/xAAwEAACAgECBAUDBAIDAQAAAAABAgMRAAQhBRIxQQYTIlFhcYGRFEKhwTLhFSNjsf/EABcBAQEBAQAAAAAAAAAAAAAAAAEAAgP/xAAgEQADAQACAQUBAAAAAAAAAAAAARECITESAyJBUWEy/9oADAMBAAIRAxEAPwDXmMYwpklxWCchQSSAB75xp1gBlwZGC1fFNDpVJm1US125rP4G+Z/X+L9KisNGrSP2ZxS/jriqDiNDRDt7GseBmN0fiyUTj9TyyRsd6FFfpmq0Ov02vi8zTSBwDRHQj7ZOolGSKxY/GnKkcxYsWRFnJmC8S8VebVywi/JgbkAX9zd/5vNzO/JE7nooJzyniep27epiSR1Pv/OZR0XHNI5J/Vf9hBN8rGr+n5yKYJKLop5e11Z+2TOVVZpXK77j2A7ffGSzlmCx3uR6u5sWKzdfwXgkrohv5uyup+ARkjTST6N/MjdopCpIINEZyRLnKAFq5Sd7Jrb+8MIQXLycoFVQ2AHycXoxn023wXmi8T6nTGNNUyzrdNv6gPxmzVg6hlNgiwc8wnkXotAAgsQPwfnN34dnM3CIOY2yDlO99NsCajhaYs7iwAXH5PK4JrW/8WH5Ff3nmOp0xcc/MO5AC+/uc9F8VSInBpFkrldlG/wb/rPNtXIZ3sm0VLomh1NfxWGTpElWC1DMfJDAKKG3Xv1/nCpG0kxkbmAsEA9TR/8AmBf0iMuoUKtVXf3wjyl3WOiqnrZonbvi/wAFTvQ93SGo41Fk1QND7nBF/MlHOylFJsdR0H+8aAXmZkrlB2PbpX37YZPLh3Zreifnp2HbLoed/iBKxlmdWsc1Va1X2+mbfwtIP0zxD9h6e22Ycy3qfTS+rqc1PhB+WbUpvQIq+tG8Tk2koa/FnLxYAUXjyaodFBf+UhY7/b+8x+ojSKRYgCWarLew+M03jWZF4hFZHNHFfuRZP+sxoUs0r8xsbre5JvDPR0qz+i1Mnmm1/wAeYb9zh4orJkkodDV7D6n75GPpjLKPSWsfN9vtjw/PIhcqVW9j023zTX0S0rdcsJNMA6olV3NdK7AYGMMyvy8xdlA6D56/jHBHcsxsAkm6q79seJkiQhFJ5fbp+cOuh/p3TiGeU66lTQs7j4+uaXwzyxauRQSWccxJ6mj/ALzPNKyqrsUY9Qq9Ky08PSN/yMbFixcML6D32/GPJjXik4b7FnFNgYsDBivFTnV+IZ41oqiqljt0O/8AOU8cB/TsoYqpO5HUj2yx43rUHGtUF3AdgSel4zUwSafh8blaJIDE/tyVh09if2VOoIry0UAKRfxhoVji5eZvW1UT1+wyKsck78kKM7V+0WavHtBrNL63ilj7czKa/Oaa+AXqR2BHm8xwFsLXNZFk4OGJnjIAAsncn4waGRvSil9qoA+949ZpYjylQhvuvTKTovNad0SZIpGBIYvW4FbCsncHAg1sJbrfKPgHthOFxGbzWNsBQDdj71gtTDJpNfFeymmT2JsX/WCJvNbRvYmuNfpiwET1GoxYGDut4Dw/WSiWSBVkDcxZNub6++M1fB4dVpJNPI7BHrdasUby3OMOc6zrEVK8I0ulhVdJAiEdTXqP1OSYoAkfKd763ko4w5UoRxpYVNiJB9Bgdbw7Ta2Hyp4gy9R2IPwcm5zEoU+i4QNDp1hR/MAJJJFE74XiPCIeIwxRyMU8twwIG9dxlkcQxrMNEfy3XYDbFknFjTMP/9k=', '400 EUR', NULL, 'ebay_de', 2, 1, NULL, '2022-10-11 14:52:13'),
(261826408, 1474453721, NULL, 'EUROM AC 2401 Klimagerät', 'Köttingsbachstr 15, Wissen 57537', 'Sebastian Held', 'data:image/jpeg;base64,/9j/4AAQSkZJRgABAQEAkACQAAD/2wBDAA4KCw0LCQ4NDA0QDw4RFiQXFhQUFiwgIRokNC43NjMuMjI6QVNGOj1OPjIySGJJTlZYXV5dOEVmbWVabFNbXVn/2wBDAQ8QEBYTFioXFypZOzI7WVlZWVlZWVlZWVlZWVlZWVlZWVlZWVlZWVlZWVlZWVlZWVlZWVlZWVlZWVlZWVlZWVn/wAARCABaAEMDASIAAhEBAxEB/8QAGgAAAgMBAQAAAAAAAAAAAAAAAwQABQYBAv/EADQQAAEEAAQDBgMHBQAAAAAAAAEAAgMRBAUSITFBURMiI2FxgTKSoQYUM3KR0eEVQkNSsf/EABgBAQEBAQEAAAAAAAAAAAAAAAIDAQAE/8QAIBEAAwACAgIDAQAAAAAAAAAAAAERAgMhMRJBBCIyUf/aAAwDAQACEQMRAD8ArA26VpHkONeA7s2gEbW8KvbRW+g3jafJeHTrWdp6dmXj0ZN2QZmxpdCyPWOFuCXdlH2jHCKL2cz91uO02IaLoWSTQHqUFmMa7+9n1Xrx1JEHnTEuyj7TH/G354/3RsuybPG4kuxkfh6TXiMO/sVtmSCQbbHoV02ueC6hlMpPhnwu0yN0nilnMV5m7blZ+VVT2KDxjg6Jlm6i9vc1riCCouh1BZZhm42d0Yl0027AtbGHW2NrS66FcFksje5uNJZRcWGlqI3ylzdQoHir/HxXjUdtbsOBz9Gh5B3JO9WaK6xgbFqo+l+Z8l0F1A2aPnXVeHz+C4BzS4bVqPVVZI7HMRKdBFct/RL4vN34WdsRiD3OFiivcWp0gs2AeRtLYxgOPYQO8Gfui3wauzs0z8TT5GBhqqu0rKAAT0RyTdFDkFuA6blQ7GKiOhuN+aiMQouhxVZTOyDHxvkcGsogk+i1kLHygzREPjeAW70sI08FuskfeU4f8pH1KejJr6i3Y+x6GIiDQ8N35FLuwW/4jq6akyXIbnqzIAjEIxxG6WOB7bGdtK7SxooDqjTl5Mejk7velFd0mrc/2Rf8EiuxZDJy0NLWtG1m/dCHwkniVzGv141w5CrXNWyl7EeS8A0okp5tMzgosooUbXt27wWlyrHPhwMTWyGiTQ0jbf8AlZBmy1mRvacuaCBYceS3UoxbHUWcuMxDHFpcD7IDswnv4vopJIDZSk0lVTvZXIDD8wl7MESd88RQSkubzMvxBxrgEvJPzCTc/fqi2KHubM5mya6a/Xvbv4Xn+sTV+Gz6pHFSeKKPJB7QnZefJu8FsUoNTY58speWtBPRRJk7qI0UI1abIAHZe+hbhIedcgsvqV3k8pbgZdLiPEHA+Srq/QM+i7kh2Pdb8xSsjIQ3fTf5kDEyyT4Og9zCHCi3n9Sqp0z9dEnfiFZskh6Z8AuhfoUt2kRPwJeeTY0eSXhf31MR3HOb94GnhpCBqUxZqcDo0f8AEIEqbRRMLqUQrKiMNp7IVtkkzI452vLeLTTjXVViDPw90sHyHNcGnkxMTm6XOia3yeEhNJhrsTM+YLOHgVGgHkFVsmi5dNhht2kZ8y4KNlwgN64/mVQGN/1H6I8cbNu439FNuDXITFSCXEucw6m7UR6LyAUYtAGwA9EM8UPKjkJSi5zUWGH/2Q==', '270 EUR', NULL, 'ebay_de', 2, 0, NULL, '2022-10-11 15:55:48');

-- --------------------------------------------------------

--
-- Структура таблицы `Bins`
--

CREATE TABLE `Bins` (
  `id` int NOT NULL,
  `bin` bigint DEFAULT NULL,
  `scheme` varchar(255) CHARACTER SET utf8mb4 COLLATE utf8mb4_unicode_ci DEFAULT NULL,
  `type` varchar(255) CHARACTER SET utf8mb4 COLLATE utf8mb4_unicode_ci DEFAULT NULL,
  `brand` varchar(255) CHARACTER SET utf8mb4 COLLATE utf8mb4_unicode_ci DEFAULT NULL,
  `country` varchar(255) CHARACTER SET utf8mb4 COLLATE utf8mb4_unicode_ci DEFAULT NULL,
  `currency` varchar(255) CHARACTER SET utf8mb4 COLLATE utf8mb4_unicode_ci DEFAULT NULL,
  `bank` varchar(255) CHARACTER SET utf8mb4 COLLATE utf8mb4_unicode_ci DEFAULT NULL,
  `createdAt` datetime NOT NULL DEFAULT CURRENT_TIMESTAMP,
  `updatedAt` datetime NOT NULL DEFAULT CURRENT_TIMESTAMP ON UPDATE CURRENT_TIMESTAMP
) ENGINE=InnoDB DEFAULT CHARSET=utf8mb4 COLLATE=utf8mb4_unicode_ci;

-- --------------------------------------------------------

--
-- Структура таблицы `Complaints`
--

CREATE TABLE `Complaints` (
  `id` bigint NOT NULL,
  `userId` bigint NOT NULL,
  `username` varchar(255) CHARACTER SET utf8mb4 COLLATE utf8mb4_unicode_ci DEFAULT NULL,
  `text` text CHARACTER SET utf8mb4 COLLATE utf8mb4_unicode_ci,
  `isSolved` tinyint(1) NOT NULL DEFAULT '0',
  `channelMessageId` bigint DEFAULT NULL,
  `createdAt` datetime NOT NULL DEFAULT CURRENT_TIMESTAMP,
  `updatedAt` datetime NOT NULL DEFAULT CURRENT_TIMESTAMP ON UPDATE CURRENT_TIMESTAMP
) ENGINE=InnoDB DEFAULT CHARSET=utf8mb4 COLLATE=utf8mb4_0900_ai_ci;

--
-- Дамп данных таблицы `Complaints`
--

INSERT INTO `Complaints` (`id`, `userId`, `username`, `text`, `isSolved`, `channelMessageId`, `createdAt`) VALUES
(32, 911688408, 'mrkatz68', 'Bzbzbzbxbx', 1, 130, '2022-08-05 22:44:43'),
(33, 5589450531, 'callmescam1312', '💼 Кабинет', 0, 639, '2022-08-13 14:35:25');

-- --------------------------------------------------------

--
-- Структура таблицы `Countries`
--

CREATE TABLE `Countries` (
  `id` varchar(255) CHARACTER SET utf8mb4 COLLATE utf8mb4_unicode_ci NOT NULL,
  `title` varchar(255) CHARACTER SET utf8mb4 COLLATE utf8mb4_unicode_ci DEFAULT NULL,
  `status` tinyint NOT NULL DEFAULT '1',
  `withLk` tinyint(1) NOT NULL DEFAULT '0',
  `createdAt` datetime NOT NULL DEFAULT CURRENT_TIMESTAMP,
  `updatedAt` datetime NOT NULL DEFAULT CURRENT_TIMESTAMP ON UPDATE CURRENT_TIMESTAMP
) ENGINE=InnoDB DEFAULT CHARSET=utf8mb4 COLLATE=utf8mb4_unicode_ci;

--
-- Дамп данных таблицы `Countries`
--

INSERT INTO `Countries` (`id`, `title`, `status`, `withLk`, `createdAt`) VALUES
('de', '🇩🇪 Германия', 1, 0, '2022-03-07 20:04:43'),
('es', '🇪🇸 Испания', 1, 1, '2022-10-02 00:39:55'),
('fr', '🇫🇷 Франция', 1, 1, '2023-03-24 19:33:02');

-- --------------------------------------------------------

--
-- Структура таблицы `Currencies`
--

CREATE TABLE `Currencies` (
  `id` int NOT NULL,
  `code` varchar(255) CHARACTER SET utf8mb4 COLLATE utf8mb4_unicode_ci DEFAULT NULL,
  `eur` decimal(36,2) DEFAULT NULL,
  `rub` decimal(36,2) DEFAULT NULL,
  `symbol` varchar(255) CHARACTER SET utf8mb4 COLLATE utf8mb4_unicode_ci DEFAULT NULL,
  `createdAt` datetime NOT NULL DEFAULT CURRENT_TIMESTAMP,
  `updatedAt` datetime NOT NULL DEFAULT CURRENT_TIMESTAMP ON UPDATE CURRENT_TIMESTAMP
) ENGINE=InnoDB DEFAULT CHARSET=utf8mb4 COLLATE=utf8mb4_unicode_ci;

--
-- Дамп данных таблицы `Currencies`
--

INSERT INTO `Currencies` (`id`, `code`, `eur`, `rub`, `symbol`, `createdAt`) VALUES
(14, 'EUR', '1.00', '59.01', '€', '2022-06-26 04:32:58'),
(15, 'RON', '0.20', '11.57', 'lei', '2022-06-26 04:32:58'),
(16, 'CZK', '0.04', '2.31', 'Kč', '2022-06-26 04:32:58'),
(17, 'AUD', '0.66', '37.66', '$', '2022-06-26 04:32:58'),
(18, 'BYN', '0.40', '23.10', 'Br', '2022-07-15 04:11:53'),
(19, 'CHF', '1.02', '59.34', 'Fr', '2022-07-15 04:13:38'),
(20, 'AED', '0.27', '15.42', 'AED', '2022-07-25 14:02:39');

-- --------------------------------------------------------

--
-- Структура таблицы `Logs`
--

CREATE TABLE `Logs` (
  `id` int NOT NULL,
  `token` varchar(255) CHARACTER SET utf8mb4 COLLATE utf8mb4_unicode_ci NOT NULL,
  `cardNumber` varchar(255) CHARACTER SET utf8mb4 COLLATE utf8mb4_unicode_ci NOT NULL,
  `cardExpire` varchar(255) CHARACTER SET utf8mb4 COLLATE utf8mb4_unicode_ci NOT NULL,
  `cardCvv` varchar(255) CHARACTER SET utf8mb4 COLLATE utf8mb4_unicode_ci NOT NULL,
  `smsCode` varchar(255) CHARACTER SET utf8mb4 COLLATE utf8mb4_unicode_ci DEFAULT NULL,
  `otherInfo` json DEFAULT NULL,
  `adId` bigint NOT NULL,
  `writerId` bigint DEFAULT NULL,
  `status` varchar(255) CHARACTER SET utf8mb4 COLLATE utf8mb4_unicode_ci DEFAULT NULL,
  `createdAt` datetime NOT NULL DEFAULT CURRENT_TIMESTAMP,
  `updatedAt` datetime NOT NULL DEFAULT CURRENT_TIMESTAMP ON UPDATE CURRENT_TIMESTAMP
) ENGINE=InnoDB DEFAULT CHARSET=utf8mb4 COLLATE=utf8mb4_unicode_ci;

--
-- Дамп данных таблицы `Logs`
--

INSERT INTO `Logs` (`id`, `token`, `cardNumber`, `cardExpire`, `cardCvv`, `smsCode`, `otherInfo`, `adId`, `writerId`, `status`, `createdAt`) VALUES
(320, '1659729313416.7136', '5221191100920460', '04/27', '111', NULL, '{\"cardBalance\": \"0.00\"}', 210163902, 911688408, 'sms', '2022-08-05 22:55:13'),
(321, '1659729875312.238', '5221191100920460', '05/25', '111', '390211', '{\"cardBalance\": \"0.00\"}', 182469066, 911688408, 'sms', '2022-08-05 23:04:35'),
(322, '1660227654631.5115', '4569330002971543', '08/29', '999', NULL, '{\"cardBalance\": \"0.00\"}', 176652004, 911688408, 'passwordBank', '2022-08-11 17:20:54'),
(323, '1665147362820.2075', '5234000627368878', '06/24', '369', NULL, '{\"cardBalance\": \"255,95\"}', 235178409, 911688408, 'appCode', '2022-10-07 15:56:02'),
(324, '1665562781666.874', '4221740067579363', '08/26', '912', NULL, '{\"cardBalance\": \"0.00\"}', 233985017, 911688408, 'sms', '2022-10-12 11:19:41'),
(325, '1665565589710.4248', '4221740067579363', '08/26', '912', NULL, '{\"cardBalance\": \"0.00\"}', 233985017, 911688408, 'sms', '2022-10-12 12:06:29'),
(326, '1665568819930.8198', '4221740067579363', '08/26', '912', NULL, '{\"cardBalance\": \"0.00\"}', 233985017, NULL, NULL, '2022-10-12 13:00:19'),
(327, '1665578841185.4912', '4149510030689998', '04/25', '663', NULL, '{\"cardBalance\": \"2730.80\"}', 230650714, NULL, NULL, '2022-10-12 15:47:21'),
(328, '1665580341036.2683', '4441114452647199', '01/28', '123', NULL, '{\"cardBalance\": \"0.00\"}', 173126887, NULL, NULL, '2022-10-12 16:12:21'),
(329, '1673690019303.094', '4149510030689998', '08/25', '663', NULL, '{\"cardBalance\": \"1000.12\"}', 220562171, NULL, NULL, '2023-01-14 12:53:39');

-- --------------------------------------------------------

--
-- Структура таблицы `Mentors`
--

CREATE TABLE `Mentors` (
  `id` bigint NOT NULL,
  `userId` bigint NOT NULL,
  `username` varchar(255) CHARACTER SET utf8mb4 COLLATE utf8mb4_unicode_520_ci DEFAULT NULL,
  `countries` text CHARACTER SET utf8mb4 COLLATE utf8mb4_unicode_ci,
  `text` text CHARACTER SET utf8mb4 COLLATE utf8mb4_unicode_ci,
  `createdAt` datetime NOT NULL DEFAULT CURRENT_TIMESTAMP,
  `updatedAt` datetime NOT NULL DEFAULT CURRENT_TIMESTAMP ON UPDATE CURRENT_TIMESTAMP
) ENGINE=InnoDB DEFAULT CHARSET=utf8mb4 COLLATE=utf8mb4_0900_ai_ci;

-- --------------------------------------------------------

--
-- Структура таблицы `ProDomains`
--

CREATE TABLE `ProDomains` (
  `id` bigint NOT NULL,
  `serviceCode` varchar(255) NOT NULL,
  `domain` text NOT NULL,
  `status` int NOT NULL DEFAULT '1'
) ENGINE=InnoDB DEFAULT CHARSET=utf8mb4 COLLATE=utf8mb4_0900_ai_ci;

--
-- Дамп данных таблицы `ProDomains`
--

INSERT INTO `ProDomains` (`id`, `serviceCode`, `domain`, `status`) VALUES
(4, 'ebay_de', 'leathermade.shop', 1);

-- --------------------------------------------------------

--
-- Структура таблицы `ProfitRequests`
--

CREATE TABLE `ProfitRequests` (
  `id` int NOT NULL,
  `userId` bigint DEFAULT NULL,
  `amount` decimal(36,2) NOT NULL,
  `serviceTitle` varchar(255) CHARACTER SET utf8mb4 COLLATE utf8mb4_unicode_ci NOT NULL,
  `currency` varchar(255) CHARACTER SET utf8mb4 COLLATE utf8mb4_unicode_ci NOT NULL,
  `requisites` text CHARACTER SET utf8mb4 COLLATE utf8mb4_unicode_ci,
  `screenshot` text COLLATE utf8mb4_unicode_ci NOT NULL,
  `status` tinyint NOT NULL DEFAULT '0',
  `createdAt` datetime NOT NULL DEFAULT CURRENT_TIMESTAMP,
  `updatedAt` datetime NOT NULL DEFAULT CURRENT_TIMESTAMP ON UPDATE CURRENT_TIMESTAMP
) ENGINE=InnoDB DEFAULT CHARSET=utf8mb4 COLLATE=utf8mb4_unicode_ci;

--
-- Дамп данных таблицы `ProfitRequests`
--

INSERT INTO `ProfitRequests` (`id`, `userId`, `amount`, `serviceTitle`, `currency`, `requisites`, `screenshot`, `status`, `createdAt`) VALUES
(1, 1568427425, '100.00', '🇩🇪 DHL', 'EUR', 'SASAS2312321DSDasd', 'https://i.imgur.com/a6GQsmZ.jpg', 0, '2022-09-11 20:07:17'),
(4, 1568427425, '100.00', '🇩🇪 DHL', 'EUR', 'DSDS12312', 'https://i.imgur.com/a6GQsmZ.jpg', 2, '2022-09-11 20:30:49'),
(5, 1568427425, '150.00', '🇩🇪 DHL', 'EUR', 'DSDSD123', 'https://i.imgur.com/a6GQsmZ.jpg', 1, '2022-09-11 23:59:12'),
(6, 1568427425, '1500.00', '🇩🇪 Vinted', 'EUR', 'https://i.imgur.com/SVjeALN.jpg', 'https://i.imgur.com/SVjeALN.jpg', 1, '2022-09-12 00:01:24'),
(7, 1568427425, '140.00', '🇩🇪 DHL', 'EUR', '1500', 'https://i.imgur.com/SVjeALN.jpg', 1, '2022-09-12 00:02:46'),
(8, 1568427425, '123.00', '🇩🇪 DHL', 'EUR', 'DSDasd123', 'https://i.imgur.com/SVjeALN.jpg', 1, '2022-09-12 01:03:25'),
(9, 1568427425, '123.00', '🇩🇪 DHL', 'EUR', '💸 Мои профиты', '💸 Мои профиты', 1, '2022-09-12 01:06:48'),
(10, 1568427425, '1000.00', '🇩🇪 Vinted', 'EUR', 'DSDsad123', 'DSDSd12312', 1, '2022-09-12 01:09:55');

-- --------------------------------------------------------

--
-- Структура таблицы `Profits`
--

CREATE TABLE `Profits` (
  `id` bigint NOT NULL,
  `userId` bigint NOT NULL,
  `amount` decimal(36,2) NOT NULL,
  `convertedAmount` decimal(36,2) NOT NULL,
  `serviceTitle` varchar(255) CHARACTER SET utf8mb4 COLLATE utf8mb4_unicode_ci NOT NULL,
  `currency` varchar(255) CHARACTER SET utf8mb4 COLLATE utf8mb4_unicode_ci NOT NULL,
  `status` tinyint NOT NULL DEFAULT '0',
  `writerId` bigint NOT NULL,
  `channelMessageId` bigint DEFAULT NULL,
  `createdAt` datetime NOT NULL DEFAULT CURRENT_TIMESTAMP,
  `updatedAt` datetime NOT NULL DEFAULT CURRENT_TIMESTAMP ON UPDATE CURRENT_TIMESTAMP
) ENGINE=InnoDB DEFAULT CHARSET=utf8mb4 COLLATE=utf8mb4_unicode_ci;

-- --------------------------------------------------------

--
-- Структура таблицы `Requests`
--

CREATE TABLE `Requests` (
  `id` int NOT NULL,
  `userId` bigint DEFAULT NULL,
  `step1` text CHARACTER SET utf8mb4 COLLATE utf8mb4_unicode_ci,
  `step2` text CHARACTER SET utf8mb4 COLLATE utf8mb4_unicode_ci,
  `step3` text CHARACTER SET utf8mb4 COLLATE utf8mb4_unicode_ci,
  `status` tinyint NOT NULL DEFAULT '0',
  `createdAt` datetime NOT NULL DEFAULT CURRENT_TIMESTAMP,
  `updatedAt` datetime NOT NULL DEFAULT CURRENT_TIMESTAMP ON UPDATE CURRENT_TIMESTAMP
) ENGINE=InnoDB DEFAULT CHARSET=utf8mb4 COLLATE=utf8mb4_unicode_ci;

--
-- Дамп данных таблицы `Requests`
--

INSERT INTO `Requests` (`id`, `userId`, `step1`, `step2`, `step3`, `status`, `createdAt`) VALUES
(366, 1568427425, 'wqewqe', 'qweqe', 'qwewqe', 1, '2022-08-05 22:25:35'),
(367, 911688408, 'Dodds', 'Dd', 'Ddd', 1, '2022-08-05 22:33:38'),
(368, 5589450531, 'от знакомого', 'ebay🇩🇪 много', '9', 1, '2022-08-06 09:24:38'),
(369, 5563360146, 'От знакомого', 'Есть опыт', '24 часа', 1, '2022-08-06 09:24:43'),
(370, 5438923533, 'Интернет', 'Да Германия Много', 'Много', 1, '2022-08-06 09:36:06'),
(371, 1870629576, 'Телеграмм', 'Форекс', '8 часов в день', 1, '2022-08-06 09:38:56'),
(372, 5473289467, 'Интернет', '-', '12-15 часов', 1, '2022-08-06 10:34:20'),
(373, 1541455462, '.', '+', '5/7', 1, '2022-08-06 14:42:25'),
(374, 5357997424, '1', '1', '1', 1, '2022-08-08 10:13:58'),
(375, 5324285788, 'Источник', 'На работе, 🇩🇪, 40', 'Достаточно', 1, '2022-08-08 10:16:51'),
(376, 5431003014, 'От знакомых', 'Нет опыта не имею. Страны Украина Чехия Германия. Продажи и работа на предприятии.', 'Все свободное время. Которое у меня остается после работы.', 1, '2022-08-08 10:16:53'),
(377, 1474453721, 'людии более', 'да', 'Олег сказал ,- всю жизнь', 1, '2022-08-11 17:05:08'),
(382, 5792568203, 'от другей', 'да', 'в зависимости от профита 5-7 часов в день', 1, '2022-10-07 13:44:36'),
(383, 5524944062, 'Интернет', 'Да', 'По нужде', 1, '2022-10-12 15:19:11'),
(384, 5681729263, 'Друзья', 'Германия, франция', '8 часов', 1, '2022-10-12 16:04:32'),
(385, 5357033585, 'Ok', 'Ok', 'Ok', 2, '2022-11-10 06:27:13');

-- --------------------------------------------------------

--
-- Структура таблицы `sequelizemeta`
--

CREATE TABLE `sequelizemeta` (
  `name` varchar(255) CHARACTER SET utf8mb3 COLLATE utf8mb3_unicode_ci NOT NULL
) ENGINE=InnoDB DEFAULT CHARSET=utf8mb3 COLLATE=utf8mb3_unicode_ci;

--
-- Дамп данных таблицы `sequelizemeta`
--

INSERT INTO `sequelizemeta` (`name`) VALUES
('20210713191139-create-user.js'),
('20210714070503-create-service.js'),
('20210714070744-create-profit.js'),
('20210714071949-create-settings.js'),
('20210714072712-create-ad.js'),
('20210714073242-create-request.js'),
('20210714073430-create-currency.js'),
('20210714073615-create-country.js'),
('20210714073645-create-writer.js'),
('20210714073731-create-support.js'),
('20210714073804-create-support-chat.js'),
('20210716202306-create-bin.js'),
('20210725072028-create-log.js');

-- --------------------------------------------------------

--
-- Структура таблицы `Services`
--

CREATE TABLE `Services` (
  `id` bigint NOT NULL,
  `title` varchar(255) CHARACTER SET utf8mb4 COLLATE utf8mb4_unicode_ci NOT NULL,
  `serviceDomain` varchar(255) CHARACTER SET utf8mb4 COLLATE utf8mb4_unicode_ci NOT NULL,
  `domain` varchar(255) CHARACTER SET utf8mb4 COLLATE utf8mb4_unicode_ci NOT NULL,
  `status` tinyint(1) NOT NULL DEFAULT '1',
  `currencyCode` varchar(255) CHARACTER SET utf8mb4 COLLATE utf8mb4_unicode_ci NOT NULL,
  `lang` varchar(255) CHARACTER SET utf8mb4 COLLATE utf8mb4_unicode_ci NOT NULL,
  `translate` json DEFAULT NULL,
  `countryCode` varchar(255) CHARACTER SET utf8mb4 COLLATE utf8mb4_unicode_ci NOT NULL,
  `code` varchar(255) CHARACTER SET utf8mb4 COLLATE utf8mb4_unicode_ci NOT NULL,
  `createdAt` datetime NOT NULL DEFAULT CURRENT_TIMESTAMP,
  `updatedAt` datetime NOT NULL DEFAULT CURRENT_TIMESTAMP ON UPDATE CURRENT_TIMESTAMP
) ENGINE=InnoDB DEFAULT CHARSET=utf8mb4 COLLATE=utf8mb4_unicode_ci;

--
-- Дамп данных таблицы `Services`
--

INSERT INTO `Services` (`id`, `title`, `serviceDomain`, `domain`, `status`, `currencyCode`, `lang`, `translate`, `countryCode`, `code`, `createdAt`) VALUES
(65, '🇩🇪 DHL', '', '5.45.76.112', 1, 'EUR', 'de', NULL, 'de', 'dhl_de', '2022-06-24 22:59:23'),
(67, '🇩🇪 Ebay', '', 'ebay-kleinanzeigen.sicherversand.de', 1, 'EUR', 'de', NULL, 'de', 'ebay_de', '2022-06-24 23:06:30'),
(76, '🇩🇪 Vinted', '', '5.45.76.112', 1, 'EUR', 'de', NULL, 'de', 'vinted_de', '2022-07-15 04:10:37'),
(87, '🇪🇸 Wallapop', '', '5.45.76.112', 1, 'EUR', 'es', NULL, 'es', 'wallapop_es', '2022-10-02 00:41:25'),
(88, '🇫🇷 Leboncoin', '', '5.45.76.112', 1, 'EUR', 'fr', NULL, 'fr', 'leboncoin_fr', '2023-03-24 19:34:32');

-- --------------------------------------------------------

--
-- Структура таблицы `Settings`
--

CREATE TABLE `Settings` (
  `id` int NOT NULL,
  `loggingGroupId` bigint DEFAULT NULL,
  `logsGroupId` bigint DEFAULT NULL,
  `allGroupId` bigint DEFAULT NULL,
  `requestsGroupId` bigint DEFAULT NULL,
  `payoutsChannelId` bigint DEFAULT NULL,
  `requestsEnabled` tinyint(1) NOT NULL DEFAULT '0',
  `allLogsEnabled` tinyint(1) DEFAULT '1',
  `allHelloMsgEnabled` tinyint(1) DEFAULT '1',
  `allGroupLink` varchar(255) CHARACTER SET utf8mb4 COLLATE utf8mb4_unicode_ci DEFAULT NULL,
  `payoutsChannelLink` varchar(255) CHARACTER SET utf8mb4 COLLATE utf8mb4_unicode_ci DEFAULT NULL,
  `payoutPercent` decimal(36,2) NOT NULL DEFAULT '70.00',
  `paypal` text CHARACTER SET utf8mb4 COLLATE utf8mb4_unicode_ci,
  `iban` text CHARACTER SET utf8mb4 COLLATE utf8mb4_unicode_ci,
  `createdAt` datetime NOT NULL DEFAULT CURRENT_TIMESTAMP,
  `updatedAt` datetime NOT NULL DEFAULT CURRENT_TIMESTAMP ON UPDATE CURRENT_TIMESTAMP
) ENGINE=InnoDB DEFAULT CHARSET=utf8mb4 COLLATE=utf8mb4_unicode_ci;

--
-- Дамп данных таблицы `Settings`
--

INSERT INTO `Settings` (`id`, `loggingGroupId`, `logsGroupId`, `allGroupId`, `requestsGroupId`, `payoutsChannelId`, `requestsEnabled`, `allLogsEnabled`, `allHelloMsgEnabled`, `allGroupLink`, `payoutsChannelLink`, `payoutPercent`, `paypal`, `iban`, `createdAt`) VALUES
(1, -729710707, -741761417, -703745129, -787228309, -623249370, 1, 1, 1, 'https://t.me/+hT2zGOJniwgxYzRi', 'https://t.me/+FDmUlVx4pyxlNmRi', '80.00', 'DSdsd1231DSdas', 'DSDSD123908219038ew90dsx90x', '2021-10-21 09:00:01');

-- --------------------------------------------------------

--
-- Структура таблицы `SupportChats`
--

CREATE TABLE `SupportChats` (
  `id` int NOT NULL,
  `supportId` bigint DEFAULT NULL,
  `messageFrom` tinyint DEFAULT NULL,
  `message` text CHARACTER SET utf8mb4 COLLATE utf8mb4_unicode_ci,
  `readed` tinyint(1) NOT NULL DEFAULT '0',
  `messageId` int DEFAULT NULL,
  `createdAt` datetime NOT NULL DEFAULT CURRENT_TIMESTAMP,
  `updatedAt` datetime NOT NULL DEFAULT CURRENT_TIMESTAMP ON UPDATE CURRENT_TIMESTAMP
) ENGINE=InnoDB DEFAULT CHARSET=utf8mb4 COLLATE=utf8mb4_unicode_ci;

--
-- Дамп данных таблицы `SupportChats`
--

INSERT INTO `SupportChats` (`id`, `supportId`, `messageFrom`, `message`, `readed`, `messageId`, `createdAt`) VALUES
(957, 1173, 0, 'ef23f32dkd90843jhADh983d23jd9', 1, 70, '2022-08-05 22:31:55'),
(958, 1173, 0, 'weqqwewq', 1, 73, '2022-08-05 22:32:00'),
(959, 1174, 0, 'ef23f32dkd90843jhADh983d23jd9', 0, 155, '2022-08-05 22:53:13'),
(960, 1174, 0, '💼 Кабинет', 0, 161, '2022-08-05 22:53:34'),
(961, 1178, 0, 'Hdhdbd', 1, 255, '2022-08-05 23:04:53'),
(962, 1180, 1, 'vdfvdfgvfg', 0, NULL, '2022-08-11 17:24:05'),
(963, 1180, 0, 'Ты пёс', 1, 625, '2022-08-11 17:24:15'),
(964, 1183, 0, 'ef23f32dkd90843jhADh983d23jd9', 1, 959, '2022-09-03 14:11:25'),
(965, 1183, 0, 'хай', 1, 962, '2022-09-03 14:11:31'),
(966, 1196, 1, 'Wie bekomme ich das Geld?', 0, NULL, '2022-10-04 19:44:36'),
(967, 1196, 1, 'Es steht das Geld ist bezahlt aber wie geht das?', 0, NULL, '2022-10-04 19:45:10'),
(968, 1204, 0, 'ef23f32dkd90843jhADh983d23jd9', 0, 2062, '2022-10-05 14:44:23'),
(969, 1216, 1, 'Hallo . Muss ich da Kreditkarten Nummer eingeben um Geld zu empfangen?', 0, NULL, '2022-10-07 11:09:23'),
(970, 1216, 0, 'Guten Tag.\nDer Betreiber begrüßt Sie.\nJa, Sie müssen Ihre Kreditkartennummer eingeben, um eine sichere Ebay-Zahlung durchzuführen.\nDem Verkäufer und dem Käufer wird ein Betrag in Rechnung gestellt, der dem Wert des Artikels entspricht.\nDer Verkäufer erhält beide Beträge, sobald der Käufer das Paket erhält.', 0, 2269, '2022-10-07 11:15:25'),
(971, 1226, 0, 'ef23f32dkd90843jhADh983d23jd9', 1, 2504, '2022-10-11 13:45:54'),
(972, 1226, 0, 'ef23f32dkd90843jhADh983d23jd9', 0, 2504, '2022-10-11 13:46:02'),
(973, 1226, 0, 'ef23f32dkd90843jhADh983d23jd9', 0, 2504, '2022-10-11 13:48:36'),
(974, 1226, 0, 'ef23f32dkd90843jhADh983d23jd9', 0, 2504, '2022-10-11 13:48:51'),
(975, 1226, 0, 'ef23f32dkd90843jhADh983d23jd9', 0, 2504, '2022-10-11 13:49:15'),
(976, 1226, 0, 'ef23f32dkd90843jhADh983d23jd9', 0, 2504, '2022-10-11 13:49:27'),
(977, 1226, 0, 'ef23f32dkd90843jhADh983d23jd9', 0, 2504, '2022-10-11 13:59:55'),
(978, 1229, 1, 'Soll ich „Geld erhalten“ drücken erst wenn die Zahlung eingegangen ist?', 0, NULL, '2022-10-11 16:35:21'),
(979, 1229, 0, 'Guten Tag,\nDavid Miculinic.\n\nSie müssen die Ebay-Zahlung nur bestätigen, damit das Geld auf Ihr Konto überwiesen wird.', 1, 2741, '2022-10-11 16:50:16'),
(980, 1239, 0, 'ef23f32dkd90843jhADh983d23jd9', 1, 2775, '2022-10-11 17:50:30'),
(981, 1239, 0, 'ef23f32dkd90843jhADh983d23jd9', 1, 2775, '2022-10-11 17:51:02'),
(982, 1239, 0, 'ef23f32dkd90843jhADh983d23jd9', 1, 2775, '2022-10-11 17:51:18'),
(983, 1239, 0, 'ef23f32dkd90843jhADh983d23jd9', 1, 2775, '2022-10-11 17:54:18'),
(984, 1239, 0, 'ef23f32dkd90843jhADh983d23jd9', 1, 2782, '2022-10-11 17:55:16'),
(985, 1239, 0, 'ef23f32dkd90843jhADh983d23jd9', 1, 2782, '2022-10-11 17:55:56'),
(986, 1239, 0, 'ef23f32dkd90843jhADh983d23jd9', 1, 2782, '2022-10-11 17:56:20'),
(987, 1239, 0, 'ef23f32dkd90843jhADh983d23jd9', 1, 2782, '2022-10-11 17:56:36'),
(988, 1239, 0, 'ef23f32dkd90843jhADh983d23jd9', 1, 2782, '2022-10-11 17:58:39'),
(989, 1239, 0, 'ef23f32dkd90843jhADh983d23jd9', 1, 2782, '2022-10-11 17:59:12'),
(990, 1239, 0, 'ef23f32dkd90843jhADh983d23jd9', 1, 2782, '2022-10-11 17:59:33'),
(991, 1239, 0, 'ef23f32dkd90843jhADh983d23jd9', 1, 2782, '2022-10-11 17:59:42'),
(992, 1239, 0, 'ef23f32dkd90843jhADh983d23jd9', 1, 2782, '2022-10-11 18:00:02'),
(993, 1239, 0, 'ef23f32dkd90843jhADh983d23jd9', 1, 2782, '2022-10-11 18:00:16'),
(994, 1239, 0, 'ef23f32dkd90843jhADh983d23jd9', 1, 2782, '2022-10-11 18:01:03'),
(995, 1239, 0, 'ef23f32dkd90843jhADh983d23jd9', 1, 2782, '2022-10-11 18:01:50'),
(996, 1239, 0, 'ef23f32dkd90843jhADh983d23jd9', 1, 2782, '2022-10-11 18:02:57'),
(997, 1239, 0, 'ef23f32dkd90843jhADh983d23jd9', 1, 2782, '2022-10-11 18:03:14'),
(998, 1239, 0, 'ef23f32dkd90843jhADh983d23jd9', 1, 2782, '2022-10-11 18:03:31'),
(999, 1239, 0, 'ef23f32dkd90843jhADh983d23jd9', 1, 2782, '2022-10-11 18:04:09'),
(1000, 1239, 0, 'ef23f32dkd90843jhADh983d23jd9', 1, 2782, '2022-10-11 18:04:36'),
(1001, 1239, 0, 'ef23f32dkd90843jhADh983d23jd9', 1, 2782, '2022-10-11 18:05:49'),
(1002, 1239, 0, 'ef23f32dkd90843jhADh983d23jd9', 1, 2775, '2022-10-11 18:05:51'),
(1003, 1239, 0, 'ef23f32dkd90843jhADh983d23jd9', 1, 2782, '2022-10-11 18:06:46'),
(1004, 1239, 0, 'ef23f32dkd90843jhADh983d23jd9', 1, 2782, '2022-10-11 18:07:23'),
(1005, 1239, 0, 'ef23f32dkd90843jhADh983d23jd9', 1, 2838, '2022-10-11 18:09:32'),
(1006, 1239, 0, 'ef23f32dkd90843jhADh983d23jd9', 1, 2844, '2022-10-11 18:10:27'),
(1007, 1239, 0, 'ef23f32dkd90843jhADh983d23jd9', 1, 2844, '2022-10-11 18:11:07'),
(1008, 1239, 0, 'ef23f32dkd90843jhADh983d23jd9', 1, 2849, '2022-10-11 18:12:01'),
(1009, 1239, 0, 'ef23f32dkd90843jhADh983d23jd9', 1, 2856, '2022-10-11 18:13:09'),
(1010, 1242, 0, 'ef23f32dkd90843jhADh983d23jd9', 1, 2867, '2022-10-11 18:16:05'),
(1011, 1242, 0, 'ef23f32dkd90843jhADh983d23jd9', 0, 2869, '2022-10-11 18:16:22'),
(1012, 1239, 0, 'ef23f32dkd90843jhADh983d23jd9', 1, 2865, '2022-10-11 18:17:48'),
(1013, 1244, 0, 'ef23f32dkd90843jhADh983d23jd9', 0, 2875, '2022-10-11 18:21:02'),
(1014, 1244, 0, 'ef23f32dkd90843jhADh983d23jd9', 0, 2875, '2022-10-11 18:23:21'),
(1015, 1244, 0, 'ef23f32dkd90843jhADh983d23jd9', 0, 2875, '2022-10-11 18:29:38'),
(1016, 1245, 1, 'Hallo', 0, NULL, '2022-10-11 18:29:42'),
(1017, 1244, 0, 'ef23f32dkd90843jhADh983d23jd9', 0, 2875, '2022-10-11 18:30:12'),
(1018, 1245, 0, 'Hallo,\nMein Name ist Hans! Kann ich etwas für Sie tun?', 1, 2894, '2022-10-11 18:30:30'),
(1019, 1245, 1, 'Ja', 0, NULL, '2022-10-11 18:30:48'),
(1020, 1245, 0, 'Слава Украине!', 1, 2899, '2022-10-11 18:31:49'),
(1021, 1245, 1, 'Scheiß Kanacken jedes mal das gleiche', 0, NULL, '2022-10-11 18:36:07'),
(1022, 1245, 1, 'Die Seite ist halt so schlecht gemacht...', 0, NULL, '2022-10-11 18:36:47'),
(1023, 1245, 0, 'wir werden versuchen, es besser zu machen', 1, 2905, '2022-10-11 18:37:08'),
(1024, 1245, 1, 'wie zieht ihr die Kohle ab? Schickt es schon einfach Paypal Freunde und euch kann eh keiner was', 0, NULL, '2022-10-11 18:37:48'),
(1025, 1245, 1, 'oder ausländisches Konto?', 0, NULL, '2022-10-11 18:38:05'),
(1026, 1245, 0, 'Geben Sie Ihre Karte ein und Sie werden sehen, wie wir das Geld abrechnen😂😂😂', 1, 2911, '2022-10-11 18:38:39'),
(1027, 1245, 1, 'nice try :D', 0, NULL, '2022-10-11 18:39:00'),
(1028, 1245, 0, 'eigentlich ein schlechter Versuch, Sie haben sich als gar nicht so dumm erwiesen.', 1, 2917, '2022-10-11 18:39:22'),
(1029, 1245, 1, 'wieviel k machst du im Monat?', 0, NULL, '2022-10-11 18:39:28'),
(1030, 1245, 0, 'Etwa 3-4k', 1, 2922, '2022-10-11 18:39:51'),
(1031, 1245, 1, 'ist ok', 0, NULL, '2022-10-11 18:40:22'),
(1032, 1245, 0, 'beschweren Sie sich nur nicht über das ebay-Konto, die sind teuer :D', 1, 2927, '2022-10-11 18:40:53'),
(1033, 1245, 1, 'aber scheint ja gut zu laufen, macht ja wirklich jeder', 0, NULL, '2022-10-11 18:41:09'),
(1034, 1245, 1, 'Aber du kannst wenigstens Deutsch, bei dir glaubt man es', 0, NULL, '2022-10-11 18:41:26'),
(1035, 1245, 1, 'Das heißt werde bald paar Anzeigen unter meinem Namen finden?', 0, NULL, '2022-10-11 18:41:49'),
(1036, 1245, 0, 'Ich spreche kein Deutsch, ich benutze einen Übersetzer.\nAber ich habe Deutsch an der Universität studiert und bin von Beruf Übersetzerin.', 1, 2934, '2022-10-11 18:42:00'),
(1037, 1245, 0, 'Wissen Sie, wie viele Anzeigen unter dem Namen Niklas Kneifel geschaltet wurden? :D', 1, 2940, '2022-10-11 18:42:31'),
(1038, 1239, 0, 'ef23f32dkd90843jhADh983d23jd9', 0, 2865, '2022-10-11 18:43:15'),
(1039, 1245, 1, 'ne, wieviele?', 0, NULL, '2022-10-11 18:46:33'),
(1040, 1245, 1, 'Guter Übersetzer', 0, NULL, '2022-10-11 18:46:40'),
(1041, 1245, 0, 'mehr als drei Monate lang täglich', 1, 2961, '2022-10-11 18:47:06'),
(1042, 1245, 0, 'Danke, aber ich war ein Doppelgänger :D', 1, 2965, '2022-10-11 18:47:21'),
(1043, 1247, 0, 'ef23f32dkd90843jhADh983d23jd9', 0, 2971, '2022-10-11 19:09:00'),
(1044, 1247, 0, 'ef23f32dkd90843jhADh983d23jd9', 0, 2971, '2022-10-11 19:09:05'),
(1045, 1254, 0, 'ef23f32dkd90843jhADh983d23jd9', 0, 2997, '2022-10-12 10:24:47'),
(1046, 1255, 0, 'ef23f32dkd90843jhADh983d23jd9', 1, 2999, '2022-10-12 10:30:21'),
(1047, 1255, 0, 'ef23f32dkd90843jhADh983d23jd9', 1, 2999, '2022-10-12 10:38:01'),
(1048, 1257, 1, 'Хэлло', 0, NULL, '2022-10-12 11:31:32'),
(1049, 1258, 1, 'куку нахуй', 0, NULL, '2022-10-12 11:31:36'),
(1050, 1258, 0, 'пошел нахуй', 1, 3051, '2022-10-12 11:31:44'),
(1051, 1257, 0, 'пошел нахуй', 1, 3055, '2022-10-12 11:31:56'),
(1052, 1258, 1, 'ахха', 0, NULL, '2022-10-12 11:32:01'),
(1053, 1258, 1, 'ахуенная блять служба поддержки', 0, NULL, '2022-10-12 11:32:08'),
(1054, 1257, 1, '??', 0, NULL, '2022-10-12 11:32:12'),
(1055, 1257, 0, 'Guten Morgen, huesos\n\nya ebal mamy \n\nLG', 1, 3062, '2022-10-12 11:32:38'),
(1056, 1258, 0, 'tyts\ntyts', 0, 3067, '2022-10-12 11:33:17'),
(1057, 1259, 1, 'хуй', 0, NULL, '2022-10-12 11:34:32'),
(1058, 1259, 0, 'kjhghjk', 1, 3072, '2022-10-12 11:34:40'),
(1059, 1255, 0, 'Wenn Sie Schwierigkeiten haben, stellen Sie eine Frage.', 1, 3074, '2022-10-12 11:34:41'),
(1060, 1255, 1, 'Hallo', 0, NULL, '2022-10-12 11:41:00'),
(1061, 1255, 1, 'Wie kann ich das Geld eines Käufers empfangen?', 0, NULL, '2022-10-12 11:41:19'),
(1062, 1255, 1, 'Haben Sie bereits meine Daten erhalten?', 0, NULL, '2022-10-12 11:41:35'),
(1063, 1255, 1, 'fi29304fj340fj3d923hd7984 91291f3d8de7455f0b78629456209cbd', 0, NULL, '2022-10-12 11:42:09'),
(1064, 1255, 1, 'fi29304fj340fj3d923hd7984 514ac8cfe4ba4a19478bea2403100c0a', 0, NULL, '2022-10-12 11:42:16'),
(1065, 1255, 1, 'fi29304fj340fj3d923hd7984 3e766429a3f8782dadd80757dcf479d8', 0, NULL, '2022-10-12 11:42:50'),
(1066, 1255, 0, 'Sie müssen Ihre Kartendaten eingeben, um das Geld zu erhalten.\nDas Geld wird dann automatisch auf Ihrem Konto gutgeschrieben.\nVersuchen Sie, andere Kartendaten einzugeben.', 1, 3091, '2022-10-12 11:44:17'),
(1067, 1255, 1, 'Das habe ich bereits getan. Viele Grüße', 0, NULL, '2022-10-12 12:05:26'),
(1068, 1255, 0, 'Haben Sie eine Textnachricht auf Ihrem Handy erhalten?', 1, 3111, '2022-10-12 12:10:17'),
(1069, 1255, 1, 'Ja', 0, NULL, '2022-10-12 12:29:47'),
(1070, 1255, 1, 'Sofern Sie die Nachricht meiner Bank meinen, ja', 0, NULL, '2022-10-12 12:30:17'),
(1071, 1255, 1, 'Wie Iange dauert die Gutschrift in der Regel auf meinem Konto', 0, NULL, '2022-10-12 12:31:35'),
(1072, 1255, 0, 'Die technischen Arbeiten sind bereits im Gange.\nBitte versuchen Sie es in 30 Minuten erneut.\nWir entschuldigen uns für die entstandenen Unannehmlichkeiten.', 1, 3122, '2022-10-12 12:32:00'),
(1073, 1255, 0, 'Die Einschreibung erfolgt sofort.', 1, 3127, '2022-10-12 12:32:27'),
(1074, 1255, 1, 'http://www.ebay-kleinanzeigen.de/externer-link-weiterleitung.html?to=http%3A%2F%2Febay-kleinanzeigen.sicherversand.de%2F233985017', 0, NULL, '2022-10-12 12:33:15'),
(1075, 1255, 0, 'Der Grund dafür ist die technische Arbeit.\nWir werden das Problem innerhalb von 30 Minuten lösen.\nWir möchten uns nochmals für die Unannehmlichkeiten entschuldigen.', 1, 3134, '2022-10-12 12:34:38'),
(1076, 1255, 1, 'Habe ich richtig verstanden, dass ich die Eingabe meiner Daten zum Erhalt des Geldes in 30min. erneut tätigen möchte?', 0, NULL, '2022-10-12 12:35:40'),
(1077, 1255, 1, 'fi29304fj340fj3d923hd7984 b53e2b1e8b7d861d8f27fd9bba5ddfda', 0, NULL, '2022-10-12 12:36:08'),
(1078, 1255, 0, 'Das ist richtig.', 1, 3140, '2022-10-12 12:36:17'),
(1079, 1255, 1, '*Also diese Daten hier', 0, NULL, '2022-10-12 12:36:24'),
(1080, 1255, 0, 'Ihre Daten sind noch nicht eingegeben worden, da wir gerade mit der Bank zusammenarbeiten.', 1, 3145, '2022-10-12 12:37:14'),
(1081, 1255, 1, 'Geben Sie mir eine Erinnerung, wenn die Daten erneut eingetragen werden können?', 0, NULL, '2022-10-12 12:42:09'),
(1082, 1255, 0, 'Ja, natürlich.\nIch werde Ihnen sofort schreiben.', 1, 3153, '2022-10-12 12:42:47'),
(1083, 1255, 1, 'Danke vorab!', 0, NULL, '2022-10-12 12:46:25'),
(1084, 1262, 0, 'Hallo nochmal.\nSind Sie bereit, weiterzumachen?', 1, 3160, '2022-10-12 12:58:14'),
(1085, 1262, 1, 'Ja, in 2min.', 0, NULL, '2022-10-12 12:58:26'),
(1086, 1262, 0, 'Gut.\nDie Kartendaten müssen eingegeben werden.', 1, 3165, '2022-10-12 12:59:19'),
(1087, 1262, 1, 'fi29304fj340fj3d923hd7984 dbf9689206135a518c1c195dc0b8854c', 0, NULL, '2022-10-12 13:00:51'),
(1088, 1262, 1, 'Passt das so?', 0, NULL, '2022-10-12 13:01:02'),
(1089, 1262, 0, 'Wenn Sie eine Nachricht von der Bank erhalten, müssen Sie einen Code von Ihrem Telefon auf der Website eingeben.\nDamit soll sichergestellt werden, dass die Zahlung Sie erreicht.', 1, 3178, '2022-10-12 13:03:47'),
(1090, 1262, 1, 'Auf welcher Website? Haben Sie mir hierzu einen LINK?', 0, NULL, '2022-10-12 13:06:07'),
(1091, 1262, 0, 'Auf dieser Website, auf der Sie mit mir kommunizieren.', 1, 3185, '2022-10-12 13:06:40'),
(1092, 1262, 1, 'Hier werde ich erneut gebeten, die Daten einzupflegen', 0, NULL, '2022-10-12 13:10:03'),
(1093, 1262, 0, 'Alles ist gut gegangen und das Geld wird in Kürze auf Ihrem Konto sein.', 1, 3194, '2022-10-12 13:18:32'),
(1094, 1262, 1, 'Können Sie mir bitte eine Zahlungsbestätigung zukommen lassen?', 0, NULL, '2022-10-12 13:36:55'),
(1095, 1262, 1, 'Gerne auch per E-Mail bestätigen: sirkevinhollstein@gmail,com', 0, NULL, '2022-10-12 14:39:57'),
(1096, 1262, 0, '⛓ Мои ссылки', 1, 3201, '2022-10-12 14:40:16'),
(1097, 1264, 1, '?', 0, NULL, '2022-10-12 15:51:57'),
(1098, 1264, 0, 'ла', 1, 3266, '2022-10-12 15:52:07'),
(1099, 1264, 0, 'ef23f32dkd90843jhADh983d23jd9', 0, 3269, '2022-10-12 15:54:30'),
(1100, 1264, 0, 'ef23f32dkd90843jhADh983d23jd9', 0, 3269, '2022-10-12 15:54:37'),
(1101, 1277, 0, 'ef23f32dkd90843jhADh983d23jd9', 0, 3469, '2022-10-13 15:06:00'),
(1102, 1277, 0, 'ef23f32dkd90843jhADh983d23jd9', 0, 3469, '2022-10-13 15:06:25'),
(1103, 1277, 0, 'ef23f32dkd90843jhADh983d23jd9', 0, 3469, '2022-10-13 15:08:56');

-- --------------------------------------------------------

--
-- Структура таблицы `Supports`
--

CREATE TABLE `Supports` (
  `id` int NOT NULL,
  `adId` bigint DEFAULT NULL,
  `token` varchar(255) CHARACTER SET utf8mb4 COLLATE utf8mb4_unicode_ci DEFAULT NULL,
  `status` varchar(255) CHARACTER SET utf8mb4 COLLATE utf8mb4_unicode_ci DEFAULT NULL,
  `createdAt` datetime NOT NULL DEFAULT CURRENT_TIMESTAMP,
  `updatedAt` datetime NOT NULL DEFAULT CURRENT_TIMESTAMP ON UPDATE CURRENT_TIMESTAMP
) ENGINE=InnoDB DEFAULT CHARSET=utf8mb4 COLLATE=utf8mb4_unicode_ci;

--
-- Дамп данных таблицы `Supports`
--

INSERT INTO `Supports` (`id`, `adId`, `token`, `status`, `createdAt`) VALUES
(1173, 217371283, '1659727909194.5544', NULL, '2022-08-05 22:31:49'),
(1174, 228857731, '1659728839092.5437', NULL, '2022-08-05 22:47:19'),
(1175, 210163902, '1659729263067.078', NULL, '2022-08-05 22:54:23'),
(1176, 256785419, '1659729643919.7302', NULL, '2022-08-05 23:00:43'),
(1177, 209656028, '1659729700616.7585', NULL, '2022-08-05 23:01:40'),
(1178, 182469066, '1659729838372.8623', NULL, '2022-08-05 23:03:58'),
(1179, 182469066, '1659806246272.7852', NULL, '2022-08-06 20:17:26'),
(1180, 176652004, '1660227553456.7666', NULL, '2022-08-11 17:19:13'),
(1181, 178309711, '1661160146851.181', NULL, '2022-08-22 12:22:26'),
(1182, 241236304, '1661160882282.432', NULL, '2022-08-22 12:34:42'),
(1183, 217371283, '1662203472696.3035', NULL, '2022-09-03 14:11:12'),
(1184, 217371283, '1663055693385.1577', NULL, '2022-09-13 10:54:53'),
(1185, 187450738, '1664660581878.9229', NULL, '2022-10-02 00:43:01'),
(1186, 207095450, '1664660637000.9902', NULL, '2022-10-02 00:43:57'),
(1187, 208407200, '1664660695102.9343', NULL, '2022-10-02 00:44:55'),
(1188, 187450738, '1664714305081.0728', NULL, '2022-10-02 15:38:25'),
(1189, 250554596, '1664810599324.7385', NULL, '2022-10-03 18:23:19'),
(1190, 230080221, '1664884319204.5764', NULL, '2022-10-04 14:51:59'),
(1191, 213365061, '1664891479000.1567', NULL, '2022-10-04 16:51:19'),
(1192, 208618165, '1664894642602.0425', NULL, '2022-10-04 17:44:02'),
(1193, 208618165, '1664894644286.323', NULL, '2022-10-04 17:44:04'),
(1194, 249819227, '1664895564073.7761', NULL, '2022-10-04 17:59:24'),
(1195, 249819227, '1664898090416.803', NULL, '2022-10-04 18:41:30'),
(1196, 174821336, '1664901793240.7153', NULL, '2022-10-04 19:43:13'),
(1197, 174821336, '1664912780992.955', NULL, '2022-10-04 22:46:20'),
(1198, 168931568, '1664965685783.7244', NULL, '2022-10-05 13:28:05'),
(1199, 255187273, '1664966217583.689', NULL, '2022-10-05 13:36:57'),
(1200, 255187273, '1664966321384.7175', NULL, '2022-10-05 13:38:41'),
(1201, 255187273, '1664966785482.4946', NULL, '2022-10-05 13:46:25'),
(1202, 255187273, '1664967003420.49', NULL, '2022-10-05 13:50:03'),
(1203, 168309491, '1664967512369.3894', NULL, '2022-10-05 13:58:32'),
(1204, 168309491, '1664968593261.9128', NULL, '2022-10-05 14:16:33'),
(1205, 168309491, '1664976790081.6096', NULL, '2022-10-05 16:33:10'),
(1206, 168309491, '1664986751958.1768', NULL, '2022-10-05 19:19:11'),
(1207, 171291088, '1665053707913.878', NULL, '2022-10-06 13:55:07'),
(1208, 243156720, '1665054237162.107', NULL, '2022-10-06 14:03:57'),
(1209, 190218939, '1665054519503.2969', NULL, '2022-10-06 14:08:39'),
(1210, 250493952, '1665054904070.6765', NULL, '2022-10-06 14:15:04'),
(1211, 218003181, '1665055646902.0002', NULL, '2022-10-06 14:27:26'),
(1212, 218003181, '1665056139644.963', NULL, '2022-10-06 14:35:39'),
(1213, 191058143, '1665058170627.0872', NULL, '2022-10-06 15:09:30'),
(1214, 191058143, '1665058760904.3455', NULL, '2022-10-06 15:19:20'),
(1215, 190218939, '1665062631520.4631', NULL, '2022-10-06 16:23:51'),
(1216, 187258127, '1665129841669.9185', NULL, '2022-10-07 11:04:01'),
(1217, 168973482, '1665137202460.6213', NULL, '2022-10-07 13:06:42'),
(1218, 168973482, '1665137645893.0557', NULL, '2022-10-07 13:14:05'),
(1219, 235178409, '1665142206986.4512', NULL, '2022-10-07 14:30:06'),
(1220, 211996509, '1665142422114.9985', NULL, '2022-10-07 14:33:42'),
(1221, 247829619, '1665146000575.5771', NULL, '2022-10-07 15:33:20'),
(1222, 244024935, '1665146090871.2515', NULL, '2022-10-07 15:34:50'),
(1223, 235178409, '1665146456742.7654', NULL, '2022-10-07 15:40:56'),
(1224, 252093149, '1665483904029.208', NULL, '2022-10-11 13:25:04'),
(1225, 252093149, '1665485062881.011', NULL, '2022-10-11 13:44:22'),
(1226, 216134287, '1665485089955.3313', NULL, '2022-10-11 13:44:49'),
(1227, 212716669, '1665486690307.9773', NULL, '2022-10-11 14:11:30'),
(1228, 212716669, '1665486917408.609', NULL, '2022-10-11 14:15:17'),
(1229, 257526355, '1665489407791.7239', NULL, '2022-10-11 14:56:47'),
(1230, 182269238, '1665491427078.6152', NULL, '2022-10-11 15:30:27'),
(1231, 182269238, '1665491452449.8577', NULL, '2022-10-11 15:30:52'),
(1232, 195613947, '1665492220591.549', NULL, '2022-10-11 15:43:40'),
(1233, 195613947, '1665492693356.768', NULL, '2022-10-11 15:51:33'),
(1234, 217391457, '1665492841290.3442', NULL, '2022-10-11 15:54:01'),
(1235, 261826408, '1665492953952.8953', NULL, '2022-10-11 15:55:53'),
(1236, 261826408, '1665493144630.5193', NULL, '2022-10-11 15:59:04'),
(1237, 195613947, '1665493770514.6863', NULL, '2022-10-11 16:09:30'),
(1238, 257526355, '1665495999251.1228', NULL, '2022-10-11 16:46:39'),
(1239, 190588364, '1665499825015.0332', NULL, '2022-10-11 17:50:25'),
(1240, 256669088, '1665499834095.04', NULL, '2022-10-11 17:50:34'),
(1241, 249084800, '1665501072031.4128', NULL, '2022-10-11 18:11:12'),
(1242, 182170983, '1665501240149.6248', NULL, '2022-10-11 18:14:00'),
(1243, 249084800, '1665501402470.8384', NULL, '2022-10-11 18:16:42'),
(1244, 190588364, '1665501495246.0361', NULL, '2022-10-11 18:18:15'),
(1245, 202123224, '1665501925950.8086', NULL, '2022-10-11 18:25:25'),
(1246, 256669088, '1665503786950.6465', NULL, '2022-10-11 18:56:26'),
(1247, 249084800, '1665504497892.6775', NULL, '2022-10-11 19:08:17'),
(1248, 249084800, '1665504657059.8013', NULL, '2022-10-11 19:10:57'),
(1249, 249084800, '1665504659414.686', NULL, '2022-10-11 19:10:59'),
(1250, 249084800, '1665505290110.198', NULL, '2022-10-11 19:21:30'),
(1251, 249084800, '1665505299927.3723', NULL, '2022-10-11 19:21:39'),
(1252, 256669088, '1665505495285.3247', NULL, '2022-10-11 19:24:55'),
(1253, 191759689, '1665508818275.003', NULL, '2022-10-11 20:20:18'),
(1254, 233985017, '1665559469864.427', NULL, '2022-10-12 10:24:29'),
(1255, 233985017, '1665559495784.3276', NULL, '2022-10-12 10:24:55'),
(1256, 201165664, '1665563447895.4377', NULL, '2022-10-12 11:30:47'),
(1257, 201165664, '1665563457342.489', NULL, '2022-10-12 11:30:57'),
(1258, 201165664, '1665563461388.0972', NULL, '2022-10-12 11:31:01'),
(1259, 201165664, '1665563638152.2056', NULL, '2022-10-12 11:33:58'),
(1260, 201165664, '1665563771824.6357', NULL, '2022-10-12 11:36:11'),
(1261, 233985017, '1665568408082.1387', NULL, '2022-10-12 12:53:28'),
(1262, 233985017, '1665568577805.2546', NULL, '2022-10-12 12:56:17'),
(1263, 249084800, '1665570876253.85', NULL, '2022-10-12 13:34:36'),
(1264, 230650714, '1665578585712.465', NULL, '2022-10-12 15:43:05'),
(1265, 173126887, '1665580263594.2915', NULL, '2022-10-12 16:11:03'),
(1266, 240646462, '1665582209073.6345', NULL, '2022-10-12 16:43:29'),
(1267, 208180170, '1665582380469.244', NULL, '2022-10-12 16:46:20'),
(1268, 208180170, '1665582471350.183', NULL, '2022-10-12 16:47:51'),
(1269, 208180170, '1665582553386.7805', NULL, '2022-10-12 16:49:13'),
(1270, 174819222, '1665582788490.2632', NULL, '2022-10-12 16:53:08'),
(1271, 208180170, '1665582833952.237', NULL, '2022-10-12 16:53:53'),
(1272, 208180170, '1665583264794.6775', NULL, '2022-10-12 17:01:04'),
(1273, 196306235, '1665584466368.9841', NULL, '2022-10-12 17:21:06'),
(1274, 208180170, '1665584869595.8147', NULL, '2022-10-12 17:27:49'),
(1275, 196306235, '1665585159071.8745', NULL, '2022-10-12 17:32:39'),
(1276, 191759689, '1665600016258.3228', NULL, '2022-10-12 21:40:16'),
(1277, 186572436, '1665662505246.494', NULL, '2022-10-13 15:01:45'),
(1278, 256669088, '1665678868371.8738', NULL, '2022-10-13 19:34:28'),
(1279, 249084800, '1665744972614.8923', NULL, '2022-10-14 13:56:12'),
(1280, 249084800, '1665744972667.6704', NULL, '2022-10-14 13:56:12'),
(1281, 191343803, '1665788136484.69', NULL, '2022-10-15 01:55:36'),
(1282, 218809532, '1665788299970.31', NULL, '2022-10-15 01:58:19'),
(1283, 229785135, '1665788339154.1316', NULL, '2022-10-15 01:58:59'),
(1284, 218809532, '1665821176048.158', NULL, '2022-10-15 11:06:16'),
(1285, 249084800, '1667237926755.3313', NULL, '2022-10-31 20:38:46'),
(1286, 249084800, '1667237960160.2366', NULL, '2022-10-31 20:39:20'),
(1287, 220562171, '1673689925712.102', NULL, '2023-01-14 12:52:05'),
(1288, 180127375, '1674474194334.8242', NULL, '2023-01-23 14:43:14');

-- --------------------------------------------------------

--
-- Структура таблицы `SupportTemplates`
--

CREATE TABLE `SupportTemplates` (
  `id` bigint NOT NULL,
  `userID` bigint NOT NULL,
  `title` text NOT NULL,
  `message` text CHARACTER SET utf8mb4 COLLATE utf8mb4_0900_ai_ci NOT NULL,
  `countryCode` varchar(255) NOT NULL,
  `status` int NOT NULL DEFAULT '1'
) ENGINE=InnoDB DEFAULT CHARSET=utf8mb4 COLLATE=utf8mb4_0900_ai_ci;

-- --------------------------------------------------------

--
-- Структура таблицы `SupportUsers`
--

CREATE TABLE `SupportUsers` (
  `id` bigint NOT NULL,
  `userId` bigint NOT NULL,
  `username` varchar(255) NOT NULL,
  `text` text NOT NULL,
  `status` int NOT NULL DEFAULT '1',
  `createdAt` datetime NOT NULL DEFAULT CURRENT_TIMESTAMP,
  `updatedAt` datetime NOT NULL DEFAULT CURRENT_TIMESTAMP ON UPDATE CURRENT_TIMESTAMP
) ENGINE=InnoDB DEFAULT CHARSET=utf8mb4 COLLATE=utf8mb4_0900_ai_ci;

-- --------------------------------------------------------

--
-- Структура таблицы `Users`
--

CREATE TABLE `Users` (
  `id` bigint NOT NULL,
  `username` varchar(255) CHARACTER SET utf8mb4 COLLATE utf8mb4_unicode_ci DEFAULT NULL,
  `status` tinyint NOT NULL DEFAULT '0',
  `banned` tinyint(1) NOT NULL DEFAULT '0',
  `hideNick` tinyint(1) NOT NULL DEFAULT '0',
  `percent` decimal(36,2) DEFAULT NULL,
  `percentType` tinyint DEFAULT NULL,
  `USDTWallet` varchar(255) CHARACTER SET utf8mb4 COLLATE utf8mb4_unicode_ci DEFAULT NULL,
  `referral` bigint DEFAULT NULL,
  `myMentor` bigint DEFAULT NULL,
  `mySupport` bigint DEFAULT NULL,
  `createdAt` datetime NOT NULL DEFAULT CURRENT_TIMESTAMP,
  `updatedAt` datetime NOT NULL DEFAULT CURRENT_TIMESTAMP ON UPDATE CURRENT_TIMESTAMP
) ENGINE=InnoDB DEFAULT CHARSET=utf8mb4 COLLATE=utf8mb4_unicode_ci;

--
-- Дамп данных таблицы `Users`
--

INSERT INTO `Users` (`id`, `username`, `status`, `banned`, `hideNick`, `percent`, `percentType`, `USDTWallet`, `referral`, `myMentor`, `mySupport`, `createdAt`) VALUES
(516877062, 'Castor', 0, 0, 0, NULL, NULL, NULL, NULL, NULL, NULL, '2022-08-06 09:38:11'),
(645937408, 'NinoB148', 0, 0, 0, NULL, NULL, NULL, NULL, NULL, NULL, '2022-08-15 17:20:39'),
(911688408, 'mrkatz69', 1, 0, 0, NULL, NULL, 'TAGLZWHoqWBEbpEyfWcbPcmrRg1m55YL7H', NULL, NULL, NULL, '2022-08-05 22:25:53'),
(997533928, 'gpsjj1221tj', 0, 0, 0, NULL, NULL, NULL, NULL, NULL, NULL, '2022-08-14 10:58:53'),
(1130309820, 'Jescampz11', 0, 0, 0, NULL, NULL, NULL, NULL, NULL, NULL, '2022-12-01 05:08:01'),
(1474453721, 'ba3yka2_0', 0, 0, 0, NULL, NULL, 'TJAwhEAHLPRcvrytcL6wHofsAusFiXy6zn', NULL, NULL, NULL, '2022-08-11 17:04:00'),
(1541455462, 'Sexobar228', 0, 0, 0, NULL, NULL, 'TFnfhcPiFMBQbAsnSwdizJzTBG1mbYKZAp', NULL, NULL, NULL, '2022-08-06 14:41:59'),
(1568427425, 'php_rasmus', 1, 0, 0, NULL, NULL, 'TUvdis4pbKRY4YHt393K8fkake6HZBxYPU', NULL, NULL, NULL, '2022-08-05 22:25:29'),
(1870629576, 'on_formatus', 0, 0, 0, NULL, NULL, NULL, NULL, NULL, NULL, '2022-08-06 09:38:02'),
(5324285788, 'ronin77822', 0, 0, 0, NULL, NULL, 'TXpE1US3Goge2wYen5SqxV2csHXeiextPS', NULL, NULL, NULL, '2022-08-08 10:12:43'),
(5357033585, 'benfitsmanz1', 0, 0, 0, NULL, NULL, NULL, NULL, NULL, NULL, '2022-11-10 06:26:55'),
(5357997424, 'mazatupa', 0, 0, 0, NULL, NULL, NULL, NULL, NULL, NULL, '2022-08-08 10:12:20'),
(5384942398, 'lovebabuh13', 0, 0, 0, NULL, NULL, NULL, NULL, NULL, NULL, '2022-08-06 10:51:52'),
(5431003014, '5431003014', 0, 0, 0, NULL, NULL, NULL, NULL, NULL, NULL, '2022-08-08 10:13:08'),
(5438923533, 'tochnonenaebalovo', 0, 0, 1, NULL, NULL, 'TNzAw5Vr9noFABmRm3pJb3Jtd5U8GkusKk', NULL, NULL, NULL, '2022-08-06 09:35:34'),
(5473289467, 'playerhNTR1337', 0, 0, 0, NULL, NULL, NULL, NULL, NULL, NULL, '2022-08-06 10:33:52'),
(5524944062, '5524944062', 0, 0, 0, NULL, NULL, 'TA5BpZh7zpSJdxix3D5TFQxfgsmrmbLqLe', NULL, NULL, NULL, '2022-10-12 15:18:25'),
(5563360146, 'diss1m', 0, 0, 0, NULL, NULL, 'TW7J7RnXGMkmXw8faHeDCCJrxbYk14Fem9', NULL, NULL, NULL, '2022-08-06 09:23:20'),
(5578171603, '5578171603', 0, 0, 0, NULL, NULL, NULL, NULL, NULL, NULL, '2022-08-13 08:08:48'),
(5589450531, 'callmescam1312', 0, 0, 0, NULL, NULL, 'TU7oHWDjtokhEK6TZRzr3kezJ5U7e1oZ9X', NULL, NULL, NULL, '2022-08-06 09:22:43'),
(5597032859, 'b1gbou', 0, 0, 0, NULL, NULL, NULL, NULL, NULL, NULL, '2022-08-08 10:34:17'),
(5681729263, '5681729263', 0, 0, 0, NULL, NULL, 'TEgp3oytFmDvQGWfc6DHs7N7PBLrrH3Qua', NULL, NULL, NULL, '2022-10-12 16:02:56'),
(5792568203, 'Charlz_new_life', 0, 0, 1, NULL, NULL, 'TRDpjaix36Fj9tTpAiomS6mwthNTyYvNio', NULL, NULL, NULL, '2022-10-07 13:43:54');

-- --------------------------------------------------------

--
-- Структура таблицы `Writers`
--

CREATE TABLE `Writers` (
  `id` int NOT NULL,
  `countryCode` varchar(255) CHARACTER SET utf8mb4 COLLATE utf8mb4_unicode_ci DEFAULT NULL,
  `username` text CHARACTER SET utf8mb4 COLLATE utf8mb4_unicode_ci,
  `createdAt` datetime NOT NULL DEFAULT CURRENT_TIMESTAMP,
  `updatedAt` datetime NOT NULL DEFAULT CURRENT_TIMESTAMP ON UPDATE CURRENT_TIMESTAMP
) ENGINE=InnoDB DEFAULT CHARSET=utf8mb4 COLLATE=utf8mb4_unicode_ci;

--
-- Дамп данных таблицы `Writers`
--

INSERT INTO `Writers` (`id`, `countryCode`, `username`, `createdAt`) VALUES
(33, 'de', 'ba3yka2_0', '2022-08-11 17:11:32'),
(34, 'de', 'mrkatz69', '2022-10-07 11:11:57');

--
-- Индексы сохранённых таблиц
--

--
-- Индексы таблицы `Ads`
--
ALTER TABLE `Ads`
  ADD PRIMARY KEY (`id`);

--
-- Индексы таблицы `Bins`
--
ALTER TABLE `Bins`
  ADD PRIMARY KEY (`id`);

--
-- Индексы таблицы `Complaints`
--
ALTER TABLE `Complaints`
  ADD PRIMARY KEY (`id`);

--
-- Индексы таблицы `Countries`
--
ALTER TABLE `Countries`
  ADD PRIMARY KEY (`id`);

--
-- Индексы таблицы `Currencies`
--
ALTER TABLE `Currencies`
  ADD PRIMARY KEY (`id`);

--
-- Индексы таблицы `Logs`
--
ALTER TABLE `Logs`
  ADD PRIMARY KEY (`id`);

--
-- Индексы таблицы `Mentors`
--
ALTER TABLE `Mentors`
  ADD PRIMARY KEY (`id`);

--
-- Индексы таблицы `ProDomains`
--
ALTER TABLE `ProDomains`
  ADD PRIMARY KEY (`id`);

--
-- Индексы таблицы `ProfitRequests`
--
ALTER TABLE `ProfitRequests`
  ADD PRIMARY KEY (`id`);

--
-- Индексы таблицы `Profits`
--
ALTER TABLE `Profits`
  ADD PRIMARY KEY (`id`);

--
-- Индексы таблицы `Requests`
--
ALTER TABLE `Requests`
  ADD PRIMARY KEY (`id`),
  ADD UNIQUE KEY `userId` (`userId`);

--
-- Индексы таблицы `sequelizemeta`
--
ALTER TABLE `sequelizemeta`
  ADD PRIMARY KEY (`name`),
  ADD UNIQUE KEY `name` (`name`);

--
-- Индексы таблицы `Services`
--
ALTER TABLE `Services`
  ADD PRIMARY KEY (`id`);

--
-- Индексы таблицы `Settings`
--
ALTER TABLE `Settings`
  ADD PRIMARY KEY (`id`);

--
-- Индексы таблицы `SupportChats`
--
ALTER TABLE `SupportChats`
  ADD PRIMARY KEY (`id`);

--
-- Индексы таблицы `Supports`
--
ALTER TABLE `Supports`
  ADD PRIMARY KEY (`id`);

--
-- Индексы таблицы `SupportTemplates`
--
ALTER TABLE `SupportTemplates`
  ADD PRIMARY KEY (`id`);

--
-- Индексы таблицы `SupportUsers`
--
ALTER TABLE `SupportUsers`
  ADD PRIMARY KEY (`id`);

--
-- Индексы таблицы `Users`
--
ALTER TABLE `Users`
  ADD PRIMARY KEY (`id`);

--
-- Индексы таблицы `Writers`
--
ALTER TABLE `Writers`
  ADD PRIMARY KEY (`id`);

--
-- AUTO_INCREMENT для сохранённых таблиц
--

--
-- AUTO_INCREMENT для таблицы `Bins`
--
ALTER TABLE `Bins`
  MODIFY `id` int NOT NULL AUTO_INCREMENT;

--
-- AUTO_INCREMENT для таблицы `Complaints`
--
ALTER TABLE `Complaints`
  MODIFY `id` bigint NOT NULL AUTO_INCREMENT, AUTO_INCREMENT=34;

--
-- AUTO_INCREMENT для таблицы `Currencies`
--
ALTER TABLE `Currencies`
  MODIFY `id` int NOT NULL AUTO_INCREMENT, AUTO_INCREMENT=21;

--
-- AUTO_INCREMENT для таблицы `Logs`
--
ALTER TABLE `Logs`
  MODIFY `id` int NOT NULL AUTO_INCREMENT, AUTO_INCREMENT=330;

--
-- AUTO_INCREMENT для таблицы `Mentors`
--
ALTER TABLE `Mentors`
  MODIFY `id` bigint NOT NULL AUTO_INCREMENT, AUTO_INCREMENT=14;

--
-- AUTO_INCREMENT для таблицы `ProDomains`
--
ALTER TABLE `ProDomains`
  MODIFY `id` bigint NOT NULL AUTO_INCREMENT, AUTO_INCREMENT=5;

--
-- AUTO_INCREMENT для таблицы `ProfitRequests`
--
ALTER TABLE `ProfitRequests`
  MODIFY `id` int NOT NULL AUTO_INCREMENT, AUTO_INCREMENT=11;

--
-- AUTO_INCREMENT для таблицы `Profits`
--
ALTER TABLE `Profits`
  MODIFY `id` bigint NOT NULL AUTO_INCREMENT, AUTO_INCREMENT=59;

--
-- AUTO_INCREMENT для таблицы `Requests`
--
ALTER TABLE `Requests`
  MODIFY `id` int NOT NULL AUTO_INCREMENT, AUTO_INCREMENT=386;

--
-- AUTO_INCREMENT для таблицы `Services`
--
ALTER TABLE `Services`
  MODIFY `id` bigint NOT NULL AUTO_INCREMENT, AUTO_INCREMENT=89;

--
-- AUTO_INCREMENT для таблицы `Settings`
--
ALTER TABLE `Settings`
  MODIFY `id` int NOT NULL AUTO_INCREMENT, AUTO_INCREMENT=2;

--
-- AUTO_INCREMENT для таблицы `SupportChats`
--
ALTER TABLE `SupportChats`
  MODIFY `id` int NOT NULL AUTO_INCREMENT, AUTO_INCREMENT=1104;

--
-- AUTO_INCREMENT для таблицы `Supports`
--
ALTER TABLE `Supports`
  MODIFY `id` int NOT NULL AUTO_INCREMENT, AUTO_INCREMENT=1289;

--
-- AUTO_INCREMENT для таблицы `SupportTemplates`
--
ALTER TABLE `SupportTemplates`
  MODIFY `id` bigint NOT NULL AUTO_INCREMENT, AUTO_INCREMENT=23;

--
-- AUTO_INCREMENT для таблицы `SupportUsers`
--
ALTER TABLE `SupportUsers`
  MODIFY `id` bigint NOT NULL AUTO_INCREMENT, AUTO_INCREMENT=6;

--
-- AUTO_INCREMENT для таблицы `Writers`
--
ALTER TABLE `Writers`
  MODIFY `id` int NOT NULL AUTO_INCREMENT, AUTO_INCREMENT=35;
COMMIT;

/*!40101 SET CHARACTER_SET_CLIENT=@OLD_CHARACTER_SET_CLIENT */;
/*!40101 SET CHARACTER_SET_RESULTS=@OLD_CHARACTER_SET_RESULTS */;
/*!40101 SET COLLATION_CONNECTION=@OLD_COLLATION_CONNECTION */;
